City,Score
Aaronborough,8.0
Aaronshire,11.0
Aaronton,3.0
Aaronview,7.0
Aaronville,8.0
Adamburgh,1.0
Adamland,9.0
Adamsbury,1.0
Adamside,3.0
Adamsside,4.0
Adamton,5.0
Adkinsmouth,3.0
Adkinsview,7.0
Adrianland,11.0
Aguilarborough,10.0
Aguilarfort,7.0
Albertborough,3.0
Alecton,5.0
Alejandraside,4.0
Alejandroburgh,11.0
Alexanderburgh,5.0
Alexanderbury,9.0
Alexanderchester,9.0
Alexanderfort,6.0
Alexanderfurt,5.0
Alexandershire,6.0
Alexanderstad,3.0
Alexanderton,9.0
Alexanderview,3.0
Alexandraborough,12.0
Alexisbury,10.0
Alexisland,6.0
Alicehaven,4.0
Aliceport,4.0
Aliceview,12.0
Aliciatown,2.0
Alisonview,4.0
Alisonville,6.0
Allenchester,8.5
Allenfurt,5.0
Allenmouth,2.0
Allenshire,12.0
Allenton,4.0
Allisonburgh,2.0
Allisonchester,6.0
Allisonland,1.0
Allisonmouth,5.0
Allisonshire,5.0
Alvaradoview,7.0
Alyssastad,12.0
Amandaberg,7.0
Amandaborough,5.0
Amandachester,7.0
Amandafort,7.0
Amandafurt,7.5
Amandaland,4.0
Amandashire,9.0
Amandaside,4.0
Amandatown,3.0
Amandaville,1.0
Amberbury,4.0
Amberport,3.0
Amyburgh,12.0
Amybury,5.0
Amyfort,3.0
Amyfurt,5.0
Amyhaven,5.0
Amymouth,10.0
Amyport,8.0
Amyville,7.5
Andersonburgh,8.5
Andersonfurt,7.333333333333333
Andersonport,6.5
Andersonside,3.0
Andersonton,5.0
Andersontown,9.0
Andersonview,6.0
Andreaport,9.0
Andreastad,3.0
Andretown,4.0
Andrewburgh,9.0
Andrewbury,9.0
Andrewfurt,3.0
Andrewhaven,8.0
Andrewmouth,8.0
Andrewport,1.0
Andrewstown,7.0
Andrewtown,9.5
Angelaberg,10.0
Angelabury,3.5
Angelafort,11.0
Angelafurt,4.0
Angelahaven,10.0
Angelamouth,7.0
Angelaton,3.0
Angelaview,7.0
Angelaville,2.0
Anitaton,9.0
Annaburgh,4.0
Annachester,7.0
Annahaven,8.0
Annamouth,1.0
Annefurt,11.0
Annemouth,4.333333333333333
Annettetown,6.0
Anneville,3.0
Annhaven,9.0
Annmouth,7.0
Annshire,11.0
Anthonychester,6.0
Anthonyfort,8.0
Anthonyhaven,2.0
Anthonyland,3.5
Anthonymouth,5.5
Anthonyshire,1.0
Anthonyside,5.0
Anthonyton,2.5
Anthonytown,11.0
Anthonyview,12.0
Anthonyville,2.0
Antonioville,11.0
Aprilburgh,5.0
Aprilland,10.0
Aprilstad,1.0
Aprilton,3.0
Ariasstad,11.0
Armstrongburgh,8.0
Arnoldberg,11.0
Arroyoport,5.0
Ashleeburgh,9.0
Ashleyberg,1.0
Ashleyland,11.0
Ashleymouth,5.333333333333333
Ashleyville,7.0
Atkinsbury,7.0
Atkinsonton,5.0
Atkinsview,8.0
Audreyville,8.0
Austinburgh,11.0
Austinfurt,9.0
Austinport,9.0
Austinview,1.0
Averyfurt,6.0
Averymouth,3.0
Baileyberg,9.0
Baileyborough,7.0
Baileychester,6.0
Baileyhaven,3.0
Baileytown,7.0
Baileyville,9.0
Bakerburgh,9.0
Bakerfurt,6.0
Ballfurt,3.0
Banksborough,10.0
Barbaraview,11.0
Barberborough,5.0
Barberfort,9.0
Barneston,4.0
Barnetttown,3.0
Barrfort,10.0
Barrfurt,8.0
Barryside,8.0
Bartlettborough,10.0
Bartonfurt,7.0
Batesbury,8.0
Bateschester,7.0
Bauerland,3.0
Beckborough,3.0
Beckbury,2.0
Beckerberg,10.0
Beckerhaven,11.0
Beckstad,8.0
Belindafort,1.0
Bellborough,1.0
Bellchester,6.0
Belltown,6.0
Bendershire,9.0
Benjaminborough,6.0
Benjaminchester,1.0
Benjaminmouth,4.0
Benjaminstad,10.5
Bennettside,4.0
Bensonside,11.0
Bentleyville,9.0
Bergerland,9.0
Bergside,9.0
Bernardborough,5.0
Berryfort,2.0
Berryton,10.0
Beverlymouth,11.0
Biancaland,5.0
Blackborough,11.0
Blackwellville,11.0
Blairfurt,7.0
Blakehaven,2.0
Blakeshire,11.0
Blankenshipport,12.0
Bobbyburgh,1.0
Bonniefort,5.0
Boonemouth,4.0
Boothberg,7.0
Bowenchester,9.0
Boydchester,4.0
Boydfort,5.0
Boylemouth,3.0
Bradfordmouth,6.0
Bradfordport,10.0
Bradfort,4.0
Bradleyberg,1.0
Bradleyborough,1.0
Bradleychester,3.0
Bradleymouth,2.0
Bradleyside,2.0
Brandiview,8.0
Brandiville,9.0
Brandonborough,4.0
Brandonmouth,7.0
Brandyburgh,7.0
Brandymouth,1.0
Brandyshire,12.0
Brayfurt,8.0
Brendafurt,3.0
Brendaland,12.0
Brendanside,2.0
Brendashire,12.0
Brendaton,8.0
Brendaville,7.0
Brennanfort,6.0
Brentberg,9.0
Brentfort,12.0
Brentshire,2.0
Brentview,11.0
Brettview,12.0
Brewermouth,7.0
Brianborough,9.0
Brianburgh,8.0
Brianbury,4.5
Brianfurt,6.5
Brianhaven,6.0
Brianshire,7.5
Brianton,11.0
Brianville,2.0
Bridgesville,6.0
Brittanyfort,9.0
Brittanyland,8.0
Brittanymouth,8.5
Brittanyview,3.0
Brittneybury,9.0
Brockville,10.0
Brookemouth,9.0
Brookestad,5.0
Brooketown,10.0
Brooksborough,5.0
Brooksbury,2.0
Brookston,12.0
Brooksview,11.0
Brownberg,8.0
Brownborough,10.5
Brownburgh,8.0
Brownchester,1.0
Brownfort,4.0
Brownfurt,3.6666666666666665
Brownhaven,11.0
Brownland,8.0
Brownmouth,10.0
Brownport,8.0
Brownshire,4.0
Brownside,9.0
Browntown,4.0
Brownville,7.0
Bryanburgh,12.0
Bryanhaven,1.0
Bryanmouth,10.0
Bryantchester,1.0
Bryantfurt,9.0
Bryanton,2.0
Bryantside,3.0
Bryantstad,6.0
Bryantton,2.0
Bryanville,12.0
Buckleymouth,5.0
Burchbury,8.0
Burgessport,9.0
Burgessshire,4.0
Burkeborough,10.0
Burkefurt,8.5
Burkeland,1.0
Burkemouth,4.0
Burnettfort,9.0
Burtonport,8.0
Burtonstad,11.0
Butlerfort,8.0
Butlermouth,12.0
Butlerton,3.0
Butlerview,4.0
Byrdland,4.0
Cainfort,8.0
Caitlinstad,3.0
Calderonstad,9.0
Camachohaven,5.0
Cameronville,1.0
Campbellview,2.0
Cannonshire,3.0
Cannonstad,12.0
Cannonville,3.0
Cardenasland,1.0
Cardenasview,2.0
Carlachester,8.0
Carlamouth,6.0
Carlaport,3.0
Carlastad,3.0
Carlbury,10.0
Carlosside,2.0
Carloston,4.5
Carlville,7.666666666666667
Carmenville,7.0
Carolynside,6.0
Carpenterland,3.0
Carpentertown,12.0
Carrborough,10.0
Carrbury,7.0
Carrieland,4.0
Carriemouth,7.0
Carrieport,12.0
Carrieville,3.0
Carrillochester,11.0
Carrmouth,7.0
Carsonberg,1.0
Carterberg,4.0
Carterhaven,4.0
Cartermouth,8.0
Carterport,8.0
Carterview,9.0
Caseyport,3.0
Cassandraland,3.0
Cassidyside,10.0
Castillobury,11.0
Castilloland,4.0
Castilloton,1.0
Castilloville,6.0
Catherinebury,12.0
Catherinemouth,9.0
Catherinestad,6.0
Cathyfort,6.0
Chadbury,8.0
Chadchester,1.0
Chadville,11.0
Chambersfurt,3.0
Chanborough,9.0
Chandlerfort,3.0
Chapmanfurt,8.0
Chapmanton,8.0
Charlesberg,5.0
Charlesfurt,2.0
Charlesmouth,7.0
Charlesshire,5.0
Charlesside,2.0
Charlestown,8.0
Charlesview,6.0
Charlottemouth,4.0
Chaseview,2.0
Chavezland,11.0
Chavezmouth,10.0
Chavezville,7.0
Chelseaberg,5.0
Chelseashire,11.0
Chenbury,8.0
Cherylshire,7.0
Cherylstad,10.0
Cherylton,11.0
Cheyennebury,10.0
Chloestad,6.0
Choiton,10.0
Chrisstad,1.0
Christianport,2.0
Christinaberg,2.0
Christinatown,11.0
Christinaview,2.0
Christinefort,7.0
Christinehaven,9.0
Christineland,7.5
Christinetown,2.0
Christineview,11.0
Christopherberg,3.0
Christopherburgh,2.0
Christopherfort,5.0
Christopherfurt,3.0
Christopherland,7.0
Christophermouth,6.25
Christophershire,4.0
Christopherside,3.0
Christopherton,7.0
Christophertown,3.0
Christopherview,10.0
Christopherville,5.0
Churchshire,6.0
Cindyland,7.0
Cindyside,4.0
Clairestad,2.0
Clarkeshire,6.0
Clarkfort,4.333333333333333
Clarkfurt,6.0
Clarktown,2.0
Claudiachester,6.0
Claudiaside,2.0
Clayfort,12.0
Clineview,12.0
Codymouth,7.0
Codyport,2.0
Codyside,8.0
Codyton,12.0
Cohenport,2.0
Colemanfurt,2.5
Collierport,1.0
Collierton,10.0
Collinsmouth,6.666666666666667
Collinsside,1.0
Comptonland,9.0
Conleyfurt,3.0
Connerchester,9.0
Connerstad,6.0
Conniemouth,9.0
Contrerasburgh,2.0
Contrerasfort,10.0
Cookhaven,10.0
Cookville,12.0
Cooleybury,3.0
Cooperborough,3.0
Coopermouth,6.5
Cooperport,2.0
Coreyfort,3.0
Coryside,5.0
Courtneyborough,2.0
Courtneyfurt,11.0
Coxport,2.0
Craigstad,3.5
Craigville,2.0
Craneland,2.0
Cristinaton,12.0
Crossbury,8.0
Cruzborough,7.0
Cruzfort,11.0
Cruzhaven,11.0
Crystalborough,9.0
Crystalburgh,10.0
Crystalchester,12.0
Crystalton,7.0
Crystaltown,5.0
Cunninghamfurt,6.0
Cunninghamville,7.0
Curtismouth,9.0
Curtisport,5.0
Curtisstad,8.0
Cynthiabury,2.0
Cynthiachester,11.0
Cynthiatown,5.0
Dalefurt,2.0
Daltonburgh,11.0
Danaberg,5.0
Danielberg,6.0
Danielbury,7.0
Danielland,6.0
Daniellefort,6.0
Danielleside,7.0
Danielletown,3.0
Danielleville,12.0
Danielmouth,7.0
Danielshire,5.0
Danielside,1.0
Danielton,10.5
Danieltown,3.0
Danielview,6.5
Darinside,10.0
Dariusbury,5.0
Darrellside,10.0
Davenporttown,8.0
Davidborough,8.0
Davidbury,4.0
Davidfort,10.0
Davidland,4.0
Davidmouth,8.0
Davidshire,10.0
Davidside,2.0
Davidsonfort,7.0
Davidstad,8.5
Davidview,4.5
Davidville,1.0
Davilaburgh,7.0
Davisborough,2.0
Davischester,11.0
Davisfort,7.5
Davisfurt,6.0
Davisland,4.0
Davisside,8.333333333333334
Davisstad,12.0
Davistown,5.0
Dawnchester,1.0
Dawnmouth,4.0
Dawnview,5.0
Dawsonview,11.0
Dayhaven,9.0
Dayside,6.0
Deanberg,6.0
Deanmouth,12.0
Deannashire,2.0
Deborahland,6.0
Deborahmouth,12.0
Deborahport,5.0
Deborahstad,1.0
Delgadobury,5.0
Delgadoton,6.0
Deniseburgh,5.0
Denisefort,11.0
Deniseport,11.0
Dennisfort,6.0
Dennisville,6.0
Derekbury,5.0
Derekhaven,3.0
Derektown,5.0
Derekview,10.0
Derrickview,8.0
Destinyborough,3.0
Dianaport,4.0
Dianaville,6.0
Dianeburgh,12.0
Diazburgh,1.0
Diazton,1.0
Diaztown,6.0
Dickersontown,5.0
Dicksonfurt,3.0
Dicksonland,9.0
Dillonport,7.0
Dixonfurt,5.0
Dixonland,11.0
Dixonmouth,5.0
Dixonton,11.0
Dixonville,12.0
Donaldfort,12.0
Donaldland,5.0
Donaldmouth,5.0
Donnaland,7.0
Donnamouth,6.5
Donovanburgh,4.0
Doughertychester,6.0
Doughertytown,10.0
Douglasborough,3.0
Douglasbury,6.0
Douglasfort,9.0
Douglasmouth,8.0
Douglasstad,4.0
Drakefort,3.0
Drewside,10.0
Duanestad,8.0
Dudleyton,7.0
Duncanchester,6.0
Duncanfurt,1.0
Duncanshire,1.0
Dunnfurt,11.0
Dunnhaven,9.0
Dunnview,7.0
Dwaynetown,10.0
Dyerborough,10.0
Dylanport,7.0
Dylanshire,7.0
Earlstad,1.0
East Adam,6.0
East Adamton,6.0
East Adrianton,11.0
East Alanfurt,9.0
East Albertmouth,12.0
East Alejandrohaven,5.0
East Alexandermouth,5.0
East Alexandraberg,7.0
East Alexis,3.0
East Alfred,1.0
East Alyssaland,5.0
East Alyssaport,11.0
East Amanda,2.0
East Amy,9.0
East Amymouth,11.0
East Amyview,10.0
East Andreaport,3.0
East Andrechester,6.0
East Andrewburgh,2.0
East Angela,10.5
East Anitamouth,6.0
East Annaburgh,7.0
East Anneland,4.0
East Anneport,12.0
East Anthony,8.0
East Anthonyfurt,8.0
East Arthurstad,1.0
East Autumn,9.0
East Barbaraburgh,3.0
East Benjaminhaven,8.0
East Beth,7.0
East Blake,1.0
East Bonnieport,4.0
East Bonnieville,6.0
East Brandon,9.5
East Brandonbury,2.0
East Breanna,12.0
East Brendashire,10.0
East Brianborough,6.0
East Brianmouth,8.0
East Bridgetborough,5.0
East Brittneyborough,8.0
East Bruce,1.0
East Bryceborough,1.0
East Carlport,4.0
East Carrieville,9.0
East Charles,1.0
East Chase,8.0
East Christinashire,6.0
East Christopher,2.0
East Christopherborough,3.0
East Christopherchester,5.0
East Christopherfurt,4.0
East Christopherland,5.0
East Christopherport,1.0
East Cody,6.0
East Colinhaven,4.0
East Connie,8.0
East Crystal,11.0
East Curtisside,12.0
East Cynthia,10.0
East Cynthiaton,12.0
East Danaville,4.0
East Daniel,9.0
East Danielbury,4.0
East Danielle,6.0
East Daniellestad,10.0
East Dannytown,9.0
East Darrell,7.0
East Darrellmouth,1.0
East David,6.5
East Davidfort,10.0
East Davidfurt,1.0
East Davidhaven,1.0
East Davidport,4.0
East Deannaburgh,9.0
East Debbieside,11.0
East Deborah,6.5
East Deborahport,9.0
East Debrafurt,10.0
East Debraville,11.0
East Denisemouth,11.0
East Derrickbury,6.0
East Diana,12.0
East Dianastad,9.0
East Dianeborough,2.0
East Dianeport,9.0
East Don,11.0
East Donaldland,8.0
East Donna,3.0
East Donnachester,2.0
East Dustin,6.0
East Dustinberg,7.0
East Eddie,3.0
East Edward,9.5
East Elizabeth,6.0
East Elizabethchester,10.0
East Elizabethton,12.0
East Emily,11.0
East Emilyborough,8.0
East Emma,5.0
East Emmaborough,11.0
East Ericchester,10.0
East Ericville,5.0
East Erin,8.0
East Erinhaven,7.0
East Ethanshire,5.0
East Fernando,11.0
East Frank,4.0
East Garybury,10.0
East George,5.0
East Glenda,12.0
East Gloria,10.0
East Haleyville,6.0
East Heather,5.0
East Heatherfort,11.0
East Heatherstad,8.0
East Hector,3.0
East Henryside,8.0
East Holly,6.0
East Hollychester,8.0
East Ianfort,11.0
East Jacobburgh,8.0
East Jacobside,5.0
East Jacqueline,11.0
East Jaimeborough,4.0
East James,6.75
East Jameschester,4.0
East Jamestown,10.0
East Jamiefurt,8.0
East Jasmine,5.0
East Jason,11.0
East Jeffrey,12.0
East Jeffreymouth,9.0
East Jenna,1.0
East Jennamouth,5.0
East Jennatown,5.0
East Jennifer,2.6666666666666665
East Jenniferborough,8.0
East Jenniferchester,11.0
East Jenniferfurt,8.0
East Jennifershire,2.0
East Jeremiah,12.0
East Jeremy,4.5
East Jeremymouth,4.0
East Jeremystad,11.0
East Jerryberg,9.0
East Jesseville,5.0
East Jessicahaven,12.0
East Jessicaland,4.0
East Jessicamouth,8.0
East Jessicaview,9.0
East Jody,1.0
East John,6.4
East Johnny,4.0
East Johnnyfort,3.0
East Jonathan,11.0
East Jonathanburgh,4.0
East Jonathanbury,11.0
East Jonathanfurt,2.0
East Jorge,5.0
East Joseph,3.5
East Josephtown,3.0
East Josephville,9.0
East Joshua,7.0
East Joshuahaven,7.0
East Joshuamouth,5.0
East Joshuatown,1.0
East Joy,10.0
East Justinstad,3.0
East Justinton,3.0
East Karamouth,12.0
East Karen,1.0
East Karentown,1.0
East Karenville,11.0
East Katelyn,4.0
East Kathleen,8.0
East Kathrynport,6.0
East Keithmouth,2.0
East Kelli,2.0
East Kelly,12.0
East Kellyport,9.0
East Kendra,9.0
East Kendraland,7.0
East Kerry,6.0
East Kevin,12.0
East Kimberly,2.0
East Kimberlyton,4.0
East Kristina,6.5
East Kristine,11.0
East Kristopherbury,3.0
East Kyleborough,9.0
East Kylestad,6.0
East Laura,11.0
East Lauren,4.0
East Laurenchester,6.0
East Laurenmouth,10.0
East Laurenside,5.0
East Lisa,2.0
East Lisaberg,10.0
East Lori,3.0
East Loristad,4.0
East Lucas,6.0
East Luisfort,6.0
East Lynnfort,9.0
East Mackenzie,8.0
East Malloryshire,12.0
East Manuelport,11.0
East Maria,9.0
East Mariechester,3.0
East Marissa,4.0
East Markfort,10.0
East Markville,11.0
East Martin,7.0
East Mary,12.0
East Maryhaven,1.0
East Matthew,5.0
East Matthewburgh,1.0
East Matthewhaven,6.0
East Matthewmouth,4.0
East Matthewport,11.0
East Mauricehaven,9.0
East Meganbury,12.0
East Melanieport,1.0
East Melissa,11.0
East Michael,5.25
East Michaela,4.0
East Michaelburgh,6.5
East Michaelland,7.0
East Michaelshire,7.0
East Michaelstad,12.0
East Michaelton,2.0
East Michaeltown,10.0
East Michaelville,7.0
East Micheal,6.0
East Michelle,2.0
East Michellestad,7.0
East Mistymouth,4.0
East Mitchell,6.0
East Monica,1.0
East Monicaton,3.0
East Monicaville,11.0
East Normanfort,11.0
East Olivia,7.0
East Pamela,6.0
East Patriciaburgh,2.0
East Patrick,1.0
East Paulland,9.0
East Peterfurt,11.0
East Rachelchester,4.0
East Rebeccaburgh,7.0
East Rebeccachester,4.0
East Reginald,5.0
East Renee,12.0
East Ricardo,7.0
East Ricardostad,2.0
East Richard,3.0
East Richardborough,7.0
East Richardside,12.0
East Ritahaven,7.0
East Robert,5.0
East Robertborough,3.0
East Roberttown,4.0
East Ronaldview,3.0
East Ronnie,8.0
East Roy,7.0
East Ryan,7.0
East Ryanhaven,4.0
East Ryanview,6.0
East Samantha,1.0
East Sandra,9.0
East Sandychester,4.0
East Sarah,8.0
East Sarahborough,8.0
East Savannahmouth,9.0
East Scott,9.0
East Scottburgh,9.0
East Seanborough,7.0
East Shanechester,2.0
East Shannonport,12.0
East Sharon,4.0
East Shawnstad,6.0
East Sheila,4.0
East Shelia,10.0
East Shelley,8.0
East Shelleymouth,3.0
East Sheriburgh,11.0
East Sheriton,3.0
East Stephanie,10.0
East Stephaniehaven,7.0
East Stephaniemouth,6.0
East Stephen,11.0
East Stephenmouth,8.0
East Steve,3.0
East Stevenborough,2.0
East Stevenmouth,7.5
East Steventon,1.0
East Susanburgh,10.0
East Susanfort,3.0
East Suzanne,8.0
East Tamaraberg,3.0
East Tammy,5.0
East Tara,7.5
East Thomas,9.0
East Thomaston,12.0
East Timothy,3.0
East Tomhaven,8.0
East Toni,8.0
East Tracychester,10.0
East Tracymouth,12.0
East Tylermouth,2.0
East Veronica,4.0
East Victor,7.0
East Vincent,12.0
East Waynemouth,1.0
East Wendy,5.5
East Wendyfurt,1.0
East Wesley,5.0
East Whitney,7.0
East William,4.0
East Williamhaven,11.0
East Williammouth,5.0
East Williamshire,10.0
East Williamstad,12.0
Eatonfurt,10.0
Eatonland,3.0
Eddieborough,6.0
Edwardbury,6.0
Edwardmouth,11.0
Edwardshaven,4.0
Edwardside,1.0
Edwardsview,1.0
Edwardton,7.0
Edwardville,12.0
Eileenborough,5.0
Elainemouth,11.0
Elizabethbury,11.0
Elizabethhaven,8.0
Elizabethtown,8.0
Ellenborough,9.0
Ellentown,8.0
Ellenview,1.0
Elliottborough,7.0
Elliottchester,6.0
Elliottmouth,3.0
Elliottport,12.0
Ellisonmouth,10.0
Ellisontown,11.0
Ellisstad,9.0
Emilyburgh,12.0
Emilyfurt,4.0
Emilyhaven,3.0
Emilymouth,2.0
Emilystad,6.0
Emmaburgh,2.0
Ericafort,3.0
Ericafurt,3.0
Ericamouth,4.0
Ericastad,4.0
Ericberg,6.0
Ericburgh,4.0
Ericmouth,5.0
Ericport,8.0
Ericview,5.0
Erikaville,4.0
Erikland,5.5
Erinchester,8.0
Erinfurt,4.0
Erinstad,2.0
Estradaville,3.0
Ethanview,9.0
Evansborough,3.0
Evansbury,5.0
Evansmouth,7.0
Evansport,10.0
Evantown,12.0
Farmerborough,7.0
Farmerburgh,3.0
Farrellburgh,2.0
Farrellville,10.0
Faulknerport,11.0
Feliciastad,8.0
Fernandezview,7.0
Fernandostad,10.0
Fieldsville,5.0
Fisherburgh,5.0
Fisherbury,3.0
Fishershire,10.0
Fitzgeraldton,7.0
Fitzpatrickborough,3.0
Fitzpatrickville,10.0
Flemingbury,7.0
Floresborough,7.0
Floresfort,4.0
Floreshaven,10.0
Floydshire,5.0
Fordbury,2.0
Fordside,9.0
Fosterburgh,12.0
Fosterhaven,4.0
Fosterville,12.0
Fowlerhaven,9.0
Foxberg,7.0
Foxburgh,5.0
Franceschester,2.0
Francisbury,1.0
Frankberg,6.0
Franklinchester,5.0
Franklinland,3.0
Frankshire,11.0
Frazierbury,3.5
Frazierport,3.0
Fredburgh,11.0
Freemanmouth,4.0
Frenchmouth,5.0
Freyfurt,4.0
Freyville,5.0
Friedmanborough,4.0
Friedmanview,3.0
Friedmanville,12.0
Fritzbury,3.0
Fritzport,11.0
Fritzville,4.0
Frostshire,11.0
Frostton,12.0
Fryburgh,12.0
Fryeland,3.0
Fryemouth,9.0
Fryeside,8.0
Fuentesshire,3.0
Gabriellefort,7.0
Gabrielstad,2.0
Gabrielville,4.0
Gallegosborough,8.0
Gallegosport,8.0
Garciaborough,11.0
Garciaside,7.0
Garciaville,10.0
Gardnerside,3.0
Garnerfort,11.0
Garnerport,6.0
Garnerton,6.0
Garyfort,4.0
Garyport,1.0
Garyside,12.0
Garzaborough,10.0
Garzamouth,5.0
Gayside,10.0
Georgechester,6.0
Georgefurt,12.0
Georgeside,11.0
Georgeview,7.0
Geraldborough,11.0
Geraldtown,2.0
Gibbsberg,4.0
Gibsonstad,5.0
Gibsonview,11.0
Gilbertfurt,3.0
Gilbertport,1.0
Gilbertshire,7.0
Gilesfurt,6.0
Gilesville,1.0
Gillespiechester,11.0
Gillespiestad,2.0
Ginafurt,3.0
Ginaland,3.0
Ginaton,4.0
Ginatown,9.0
Glendashire,6.0
Glennborough,11.0
Gloriaborough,12.0
Gloriashire,5.0
Gloriaville,6.0
Gomezhaven,3.0
Gonzaleshaven,10.0
Gonzalesside,6.0
Gonzalezbury,12.0
Gonzalezchester,6.0
Gonzalezfort,3.0
Gonzalezhaven,12.0
Gonzalezland,6.0
Gonzalezmouth,12.0
Gonzalezshire,10.0
Gonzalezville,1.0
Goodmanberg,5.0
Goodwintown,12.0
Gordonborough,11.0
Gordonbury,9.0
Grahambury,11.0
Grahammouth,4.0
Grahamville,7.0
Grantfort,12.0
Granthaven,2.0
Grantville,5.0
Gravestown,9.0
Grayfurt,2.0
Grayshire,2.0
Graystad,3.0
Greenburgh,2.5
Greenehaven,4.0
Greenmouth,1.0
Greentown,6.0
Greenville,5.0
Greerbury,4.0
Greggborough,12.0
Gregoryborough,12.0
Gregorychester,9.0
Gregoryfurt,7.0
Gregoryhaven,12.0
Gregorymouth,4.5
Gregoryshire,1.0
Gregorytown,7.0
Griffinburgh,5.0
Griffinport,1.0
Griffithview,12.0
Grosshaven,10.0
Guerraton,6.0
Guerreroborough,7.0
Guerreroton,6.0
Gutierrezchester,12.0
Gutierrezmouth,10.0
Guzmanberg,3.0
Guzmanport,7.0
Haasberg,4.0
Haleberg,4.0
Hallville,3.0
Hamiltonshire,2.0
Hamiltonville,10.0
Hammondborough,8.0
Hammondburgh,5.0
Hancockside,4.0
Haneybury,4.0
Hannahfurt,11.0
Hannahhaven,11.0
Hannahside,3.0
Hansenbury,11.0
Hansenfurt,7.5
Hansenstad,3.0
Hansentown,8.0
Hardytown,9.0
Harmonchester,11.0
Harmonstad,9.0
Harperfurt,12.0
Harpershire,2.0
Harrellview,2.0
Harrisburgh,6.5
Harrisfort,9.0
Harrishaven,12.0
Harrismouth,10.0
Harrisonton,12.0
Harrisside,4.0
Harrisstad,11.0
Harthaven,8.0
Hartmanberg,9.0
Hartmanport,4.0
Hartstad,5.0
Hawkinschester,4.0
Hawkinsland,3.0
Hawkinsmouth,12.0
Hayesport,8.0
Hayesville,6.0
Haynesburgh,12.0
Haysborough,11.0
Heatherburgh,6.0
Heatherchester,6.0
Heatherhaven,12.0
Heathermouth,11.0
Heathershire,5.0
Heatherview,3.0
Hebertside,7.0
Hectorchester,11.0
Hectorville,6.0
Heidiside,8.0
Heidiview,10.0
Hendersonmouth,9.0
Henryburgh,7.5
Henryview,2.0
Henryville,8.0
Hensleymouth,6.0
Hensleyshire,12.0
Hernandezborough,1.0
Hernandezbury,11.0
Hernandezhaven,11.0
Hernandezmouth,8.666666666666666
Hernandezport,7.0
Hernandezshire,6.0
Herreraborough,4.0
Herrington,12.0
Hestershire,1.0
Hicksfurt,2.0
Hicksland,9.0
Higginschester,9.0
Higginsfort,9.0
Higginsside,2.0
Higginsstad,9.0
Hillland,3.0
Hillville,8.0
Hinesshire,8.0
Hintonfort,1.0
Hobbsberg,6.0
Hobbsmouth,9.0
Hodgeshire,11.0
Hoffmanland,5.0
Hoffmantown,12.0
Holdershire,2.0
Holmesmouth,3.0
Holtburgh,8.0
Hoovershire,8.0
Horneborough,9.0
Horneshire,4.0
Howardborough,4.0
Howardbury,12.0
Howardfurt,5.0
Howellhaven,4.0
Howellport,12.0
Howeshire,3.0
Hubbardbury,10.0
Hubermouth,1.0
Hudsonton,11.0
Huertaland,11.0
Huertaport,11.0
Huffhaven,10.0
Huffmouth,2.0
Humphreyside,5.0
Huntborough,7.0
Huntbury,8.0
Hunterborough,10.0
Huntermouth,6.0
Hurstmouth,11.0
Huynhport,1.0
Ianborough,8.0
Irwinfort,4.0
Isaacshire,1.0
Isaiahmouth,12.0
Isaiahstad,12.0
Jackbury,3.0
Jackiemouth,3.0
Jackmouth,11.0
Jacksonbury,10.0
Jacksonfurt,8.0
Jacksonhaven,12.0
Jacksonmouth,1.0
Jacksonside,6.0
Jacksontown,9.0
Jacksonview,8.0
Jacksonville,10.0
Jacobchester,10.0
Jacobfurt,9.0
Jacobmouth,6.0
Jacobsonberg,3.0
Jacobstad,6.0
Jacobton,3.0
Jacquelineberg,1.0
Jacquelineburgh,10.0
Jacquelinestad,2.0
Jacquelineview,2.0
Jaimetown,10.0
Jamesberg,10.0
Jamesbury,7.5
Jameschester,10.0
Jameshaven,1.0
Jamesmouth,5.0
Jamesshire,9.0
Jamesside,3.0
Jamesstad,9.0
Jamestown,3.0
Jamesview,7.5
Jamesville,7.666666666666667
Jamieport,8.0
Jamietown,1.0
Janeview,4.0
Jaredborough,5.0
Jaredville,12.0
Jasminechester,10.0
Jasmineshire,7.0
Jasonberg,5.0
Jasonfort,6.0
Jasonfurt,10.0
Jasonport,7.5
Jasonside,12.0
Jasonstad,4.0
Jasontown,1.0
Jasonview,7.0
Jayberg,2.0
Jeanetteland,10.0
Jeannemouth,5.0
Jeffborough,9.0
Jeffbury,1.0
Jefferymouth,5.0
Jefferyshire,4.0
Jeffreyberg,1.0
Jeffreyborough,3.0
Jeffreyburgh,5.0
Jeffreychester,6.5
Jeffreyport,7.0
Jeffreyside,11.0
Jeffreytown,10.5
Jenkinshaven,10.0
Jenkinsmouth,10.0
Jenkinsview,5.0
Jennaton,4.0
Jenniferborough,7.0
Jenniferburgh,12.0
Jenniferchester,7.0
Jenniferfort,9.5
Jenniferhaven,7.5
Jenniferland,10.0
Jennifermouth,9.0
Jenniferport,7.5
Jennifershire,7.0
Jenniferside,11.0
Jenniferstad,8.666666666666666
Jenniferton,6.5
Jennifertown,9.333333333333334
Jenniferview,2.0
Jenniferville,8.0
Jennytown,8.0
Jensenbury,6.0
Jensenfort,10.0
Jeremiahbury,10.0
Jeremiahmouth,1.0
Jeremyfurt,5.5
Jeremystad,11.0
Jermaineside,1.0
Jerryfort,8.0
Jerryhaven,4.0
Jerryport,1.0
Jerrystad,4.0
Jerryton,5.0
Jessebury,9.0
Jessehaven,4.0
Jesseton,10.0
Jessicahaven,5.0
Jessicaland,2.0
Jessicashire,10.0
Jessicastad,7.0
Jessicaton,5.0
Jessicatown,8.0
Jessicaville,9.5
Jesusburgh,9.0
Jillhaven,11.0
Jimburgh,4.0
Jimenezland,7.0
Jimeneztown,9.0
Jimenezview,10.0
Joannaberg,7.0
Joannabury,11.0
Joannafurt,12.0
Joannaside,10.0
Joannaview,12.0
Joannstad,11.0
Joannview,6.0
Joditon,10.5
Joetown,8.0
Johnberg,6.333333333333333
Johnborough,11.0
Johnburgh,6.0
Johnbury,8.0
Johnchester,7.0
Johnfort,11.0
Johnmouth,7.333333333333333
Johnnyborough,5.0
Johnnyton,11.0
Johnport,10.0
Johnside,2.0
Johnsonberg,3.0
Johnsonborough,7.333333333333333
Johnsonburgh,9.0
Johnsonbury,8.0
Johnsonchester,8.0
Johnsonfort,5.0
Johnsonfurt,9.0
Johnsonhaven,12.0
Johnsonland,7.0
Johnsonmouth,9.0
Johnsonport,2.0
Johnsonshire,10.0
Johnsonside,10.666666666666666
Johnsonstad,3.0
Johnsonton,10.666666666666666
Johnsontown,8.0
Johnsonville,10.0
Johnstad,9.666666666666666
Johnstonfurt,10.0
Johnstonmouth,3.0
Johnton,4.0
Johntown,5.0
Jonathanborough,7.0
Jonathanbury,1.0
Jonathanfort,10.0
Jonathanfurt,10.0
Jonathanmouth,9.0
Jonathanport,5.0
Jonesborough,4.333333333333333
Jonesburgh,4.0
Jonesbury,8.0
Joneschester,12.0
Jonesfurt,1.0
Joneshaven,5.0
Jonesmouth,4.0
Jonesshire,8.0
Jonesside,3.0
Jonesstad,10.0
Joneston,10.0
Jonesview,11.0
Jontown,1.0
Jordanbury,5.5
Jordanland,5.0
Jorgeport,2.0
Joseborough,1.0
Joseburgh,3.0
Josephberg,2.0
Josephburgh,6.5
Josephchester,9.5
Josephhaven,12.0
Josephstad,5.0
Joseshire,6.0
Josetown,8.0
Joseville,3.0
Joshuachester,4.0
Joshuafurt,4.5
Joshuahaven,7.5
Joshuashire,7.0
Joshuaville,12.0
Joyceville,6.0
Juanland,8.0
Juanmouth,10.0
Juantown,4.0
Judychester,6.0
Julieberg,11.0
Juliefort,2.0
Juliefurt,10.0
Juliemouth,5.0
Julieport,12.0
Julieton,6.666666666666667
Justinberg,7.5
Justinland,5.0
Justinstad,4.0
Justintown,6.5
Kanestad,12.0
Karashire,11.0
Karaside,4.0
Karenbury,7.0
Karenhaven,6.5
Karenland,9.0
Karenport,9.0
Karenshire,5.0
Karenside,11.0
Karenton,5.0
Katelynland,11.0
Katherineberg,8.0
Katherinemouth,12.0
Kathleenside,9.0
Kathleenview,11.0
Kathrynburgh,9.0
Kathrynbury,10.0
Kathryntown,12.0
Kathyburgh,6.5
Kathychester,12.0
Kathyfort,11.0
Kathyport,9.0
Kathyton,12.0
Katrinastad,9.0
Kaufmanshire,1.0
Kaylaville,9.0
Keithstad,1.0
Keithtown,2.0
Keithville,9.0
Kelleyberg,6.0
Kelleychester,10.0
Kelleymouth,5.0
Kelleytown,9.0
Kellyborough,10.0
Kellyfurt,7.0
Kellyland,7.0
Kellyshire,12.0
Kellyside,3.0
Kellystad,2.0
Kellyton,6.0
Kellyville,8.0
Kelseybury,6.0
Kelseyland,6.5
Kelseymouth,9.0
Kelseystad,2.0
Kempville,4.0
Kendraport,8.0
Kendraview,2.0
Kennethfurt,4.0
Kennethshire,1.0
Kennethside,4.0
Kentbury,6.0
Kevinchester,6.0
Kevinfort,8.0
Kevinfurt,5.0
Kevinmouth,5.0
Kevinshire,8.0
Kevinside,2.0
Kevinstad,12.0
Khanfort,2.0
Kimberlyborough,7.0
Kimberlybury,11.0
Kimberlychester,4.5
Kimberlyfurt,9.0
Kimberlymouth,6.5
Kimberlyport,6.666666666666667
Kimberlyshire,6.0
Kimberlystad,7.0
Kimberlytown,10.0
Kimberlyview,1.0
Kimfort,11.0
Kingfurt,9.0
Kingland,3.0
Kingview,2.0
Kirkshire,3.0
Kleinhaven,10.0
Knappshire,4.0
Knightberg,11.0
Knightstad,11.0
Knoxburgh,4.0
Kochside,3.0
Kramerbury,5.0
Kristachester,2.0
Kristafurt,5.0
Kristenbury,4.0
Kristenhaven,2.0
Kristenland,7.0
Kristenshire,7.0
Kristenstad,7.5
Kristenview,2.0
Kristinamouth,3.0
Kristinaside,10.0
Kristinbury,10.0
Kristinfort,2.0
Krystalside,6.0
Kylefurt,11.0
Kyleland,3.0
Kyleshire,7.0
Laceyberg,5.0
Lake Abigailfurt,9.0
Lake Alan,10.0
Lake Albertfurt,11.0
Lake Alejandro,1.0
Lake Alejandrofort,9.0
Lake Alexafurt,12.0
Lake Alexandra,10.0
Lake Alexandrastad,8.0
Lake Alexandriafort,1.0
Lake Alexisland,10.0
Lake Alexisville,1.0
Lake Allenmouth,4.0
Lake Alyssaton,6.0
Lake Amanda,12.0
Lake Amandafort,12.0
Lake Amberland,5.0
Lake Andreamouth,12.0
Lake Andreaton,6.0
Lake Angela,6.0
Lake Angelica,12.0
Lake Angelicafurt,1.0
Lake Annettemouth,2.0
Lake Anthony,12.0
Lake Anthonyfort,9.0
Lake Ashleyburgh,2.0
Lake Ashleyville,9.0
Lake Autumnland,2.0
Lake Barbara,2.0
Lake Benjaminburgh,5.0
Lake Bradley,10.0
Lake Brandonbury,3.0
Lake Brandonfort,11.0
Lake Brandonside,4.0
Lake Brandyfurt,11.0
Lake Brian,9.0
Lake Brianfort,12.0
Lake Brianna,7.0
Lake Brooke,5.0
Lake Calebhaven,2.0
Lake Carlos,4.0
Lake Carolyn,6.0
Lake Carolynfurt,7.0
Lake Catherinefurt,4.0
Lake Cathy,2.0
Lake Charles,3.0
Lake Chelsea,11.0
Lake Chelseamouth,7.0
Lake Cheryl,2.0
Lake Cheyenne,3.0
Lake Christian,1.0
Lake Christina,1.0
Lake Christinaborough,5.0
Lake Christine,10.0
Lake Christopher,4.333333333333333
Lake Christopherbury,8.0
Lake Christopherside,1.0
Lake Christopherstad,11.0
Lake Christophertown,10.0
Lake Claire,4.0
Lake Claudia,5.0
Lake Cole,7.0
Lake Colleen,4.0
Lake Connieland,10.0
Lake Conniemouth,10.0
Lake Courtneyborough,4.0
Lake Craig,5.0
Lake Crystal,7.0
Lake Curtisville,1.0
Lake Cynthia,12.0
Lake Cynthiamouth,4.0
Lake Dalton,8.0
Lake Darren,1.0
Lake David,1.3333333333333333
Lake Davidborough,10.0
Lake Davidside,9.0
Lake Davidstad,9.0
Lake Dawn,3.0
Lake Deborahhaven,3.0
Lake Deborahmouth,12.0
Lake Deborahton,4.0
Lake Diana,10.0
Lake Dominiquetown,5.0
Lake Donnaview,10.0
Lake Douglas,4.0
Lake Douglasmouth,10.0
Lake Drewmouth,10.0
Lake Dwayneland,11.0
Lake Dylanchester,7.0
Lake Edward,11.0
Lake Elizabethfurt,4.0
Lake Emily,6.333333333333333
Lake Emilymouth,1.0
Lake Emma,11.0
Lake Erica,11.0
Lake Ericborough,8.0
Lake Ericfurt,2.0
Lake Erin,7.0
Lake Ernestbury,8.0
Lake Gina,10.0
Lake Glennfort,9.0
Lake Gregory,4.5
Lake Gregorymouth,12.0
Lake Gregorystad,3.0
Lake Gregoryview,11.0
Lake Haileyville,7.0
Lake Heather,7.0
Lake Heatherton,3.0
Lake Heidi,5.5
Lake Ianfort,8.0
Lake Isabella,9.0
Lake Isaiah,1.0
Lake Jacob,7.0
Lake Jacquelinefurt,12.0
Lake James,8.75
Lake Jamesborough,4.5
Lake Jamesburgh,9.0
Lake Jamesfort,5.0
Lake Jamesland,6.0
Lake Jamiemouth,1.0
Lake Jared,2.0
Lake Jasminestad,12.0
Lake Javiertown,6.0
Lake Jeffrey,6.5
Lake Jeffreybury,6.0
Lake Jennifer,2.8333333333333335
Lake Jeremyborough,4.0
Lake Jeremychester,10.0
Lake Jeremytown,10.0
Lake Jerry,9.5
Lake Jesse,4.0
Lake Jessica,2.0
Lake Jessicatown,12.0
Lake Jillchester,3.0
Lake John,2.0
Lake Johnchester,1.0
Lake Johnmouth,9.0
Lake Johnstad,1.0
Lake Johnville,4.0
Lake Jonathan,11.0
Lake Jonathanfort,5.0
Lake Jonathanton,6.0
Lake Jose,8.0
Lake Josehaven,5.0
Lake Joseph,4.5
Lake Josephborough,12.0
Lake Josephfort,10.0
Lake Joshua,6.4
Lake Julieport,9.0
Lake Justin,3.0
Lake Kaitlynberg,9.0
Lake Karenbury,2.0
Lake Karenmouth,1.0
Lake Karentown,1.0
Lake Karlshire,7.0
Lake Katelynfort,4.0
Lake Katherine,2.0
Lake Katherineborough,8.0
Lake Kathryn,10.5
Lake Kathyberg,2.0
Lake Kathyport,11.0
Lake Kayla,10.0
Lake Kaylaborough,3.0
Lake Kaylachester,2.0
Lake Kaylaside,11.0
Lake Keith,5.666666666666667
Lake Kelly,5.0
Lake Kimberly,6.0
Lake Kimberlybury,6.0
Lake Kimberlyview,6.0
Lake Kristenborough,5.0
Lake Larry,8.0
Lake Laura,4.0
Lake Lauraside,3.0
Lake Laurenport,4.0
Lake Laurenshire,8.0
Lake Lesliefort,2.0
Lake Linda,9.0
Lake Lindsay,12.0
Lake Lisa,1.0
Lake Lisamouth,6.0
Lake Lynnburgh,4.0
Lake Maria,8.0
Lake Marissaborough,10.0
Lake Marissaville,4.0
Lake Mark,8.0
Lake Markfurt,6.0
Lake Markhaven,8.0
Lake Martin,1.0
Lake Mary,1.0
Lake Marystad,9.0
Lake Matthew,5.4
Lake Matthewchester,7.0
Lake Matthewfort,12.0
Lake Matthewfurt,11.0
Lake Matthewhaven,4.0
Lake Matthewside,4.0
Lake Maureen,8.0
Lake Melanie,9.5
Lake Melanieville,3.0
Lake Melissa,3.0
Lake Melissabury,12.0
Lake Melissatown,2.0
Lake Michael,6.125
Lake Michaeltown,6.0
Lake Michelle,10.0
Lake Michellefort,7.0
Lake Monica,7.333333333333333
Lake Monicafort,3.0
Lake Morgan,5.0
Lake Natalieshire,12.0
Lake Natashafurt,3.0
Lake Nicholas,4.5
Lake Nicholaschester,11.0
Lake Nicholashaven,1.0
Lake Nicole,6.333333333333333
Lake Nicoleburgh,11.0
Lake Noahmouth,4.0
Lake Oscar,5.0
Lake Patricia,8.0
Lake Patrick,2.0
Lake Paula,7.0
Lake Paulfurt,11.0
Lake Paultown,1.0
Lake Pedro,9.0
Lake Philip,7.0
Lake Phillip,4.5
Lake Rachel,3.0
Lake Rachelborough,11.0
Lake Rachelfurt,3.0
Lake Randallport,5.0
Lake Randy,6.0
Lake Rebecca,10.0
Lake Rebeccaborough,7.0
Lake Rebeccaport,7.0
Lake Rhonda,2.0
Lake Richardfurt,9.0
Lake Ricky,8.0
Lake Rickymouth,3.0
Lake Robert,6.666666666666667
Lake Robertside,12.0
Lake Robynhaven,9.0
Lake Rogerberg,2.0
Lake Ronaldland,7.0
Lake Ronaldmouth,2.0
Lake Russellton,6.0
Lake Ryanfort,10.0
Lake Sabrinahaven,10.0
Lake Sabrinaton,8.0
Lake Samantha,12.0
Lake Samanthaport,10.0
Lake Samanthaton,3.0
Lake Samuel,8.0
Lake Sandra,2.0
Lake Sandrashire,8.0
Lake Scott,6.25
Lake Scottmouth,3.0
Lake Seanberg,7.0
Lake Seanborough,4.0
Lake Shannonbury,4.0
Lake Sharonshire,4.0
Lake Sheilaton,4.0
Lake Sherryfurt,3.0
Lake Spencer,1.0
Lake Stephanie,10.0
Lake Stephen,5.0
Lake Steven,7.0
Lake Stevenbury,6.0
Lake Stevenmouth,2.0
Lake Steventown,10.0
Lake Susan,5.0
Lake Tarachester,12.0
Lake Taylorstad,4.0
Lake Theresa,10.0
Lake Thomas,5.0
Lake Thomaschester,12.0
Lake Tiffany,4.0
Lake Timothyburgh,12.0
Lake Tina,4.0
Lake Tinatown,12.0
Lake Todd,5.0
Lake Tracytown,3.0
Lake Travis,4.0
Lake Travisland,8.0
Lake Troyhaven,5.0
Lake Troyshire,11.0
Lake Tylerton,7.0
Lake Valerieberg,12.0
Lake Valerieshire,7.0
Lake Vanessaport,1.0
Lake Vincent,3.0
Lake Wanda,5.0
Lake Wandabury,6.0
Lake Wendy,9.5
Lake Wesley,12.0
Lake Williamburgh,3.0
Lake Williammouth,11.0
Lake Williamtown,2.0
Lake Williebury,12.0
Lambertburgh,1.0
Lamberthaven,9.0
Lamberttown,7.0
Lambton,10.0
Lancefurt,9.0
Landrytown,11.0
Lanemouth,6.0
Langville,3.0
Laraland,1.0
Larryport,1.0
Larsenburgh,1.0
Larsenmouth,8.0
Larsonfort,4.0
Laurahaven,1.0
Lauraport,2.0
Laurenmouth,2.0
Laurenton,6.0
Laurenville,12.0
Lawrencehaven,11.0
Lawrenceside,7.0
Leahburgh,8.0
Leblancfurt,2.0
Leechester,3.0
Leefort,12.0
Leehaven,11.0
Leeland,9.0
Leemouth,8.75
Leeshire,6.5
Leeside,11.0
Leetown,3.0
Leeview,11.0
Leeville,5.0
Leonardport,10.0
Leonardville,6.0
Leonfort,2.0
Leonmouth,7.0
Lewisburgh,11.0
Lewisbury,11.0
Lewisview,5.0
Lewisville,2.0
Lifort,5.5
Lindachester,3.0
Lindafurt,2.0
Lindaland,5.0
Lindamouth,1.0
Lindaport,1.0
Lindastad,2.0
Lindaton,12.0
Lindaville,11.0
Lindsayton,1.0
Lindseyport,12.0
Lindseytown,7.0
Linville,12.0
Lisaborough,8.5
Lisaburgh,12.0
Lisabury,9.5
Lisachester,7.0
Lisafurt,5.0
Lisahaven,7.5
Lisamouth,6.0
Lisastad,10.0
Lisaton,12.0
Livingstonhaven,6.0
Livingstonton,8.0
Lloydside,5.0
Loganburgh,1.0
Longport,1.0
Longtown,10.0
Lopezhaven,7.0
Lopezland,4.5
Lopezport,11.0
Lopezview,2.0
Loriborough,6.0
Loriton,9.0
Loriview,6.0
Louisshire,12.0
Louistown,2.0
Loweborough,9.0
Loweryshire,11.0
Lucasborough,6.0
Lucasmouth,6.0
Lucastown,9.0
Lucasview,2.0
Lucasville,6.0
Lucerohaven,5.0
Lukeburgh,2.0
Lunaville,11.0
Lynchberg,1.0
Lynnland,3.0
Lyonsshire,3.0
Lyonsview,11.0
Maciasburgh,2.0
Mackhaven,3.0
Mackport,6.0
Maddenshire,8.0
Makaylashire,1.0
Malonehaven,2.0
Maloneton,11.0
Mannshire,3.0
Marcusborough,9.0
Marcusside,2.0
Margaretshire,4.0
Margaretton,8.0
Mariachester,7.0
Mariamouth,8.0
Mariaport,2.0
Mariastad,7.0
Mariaview,9.0
Mariaville,11.0
Marissastad,10.0
Markhaven,5.0
Markmouth,7.0
Markport,11.0
Markschester,5.0
Markstad,5.0
Marktown,4.0
Markview,10.0
Marquezbury,2.0
Marquezview,2.0
Marshallport,3.0
Marthafort,4.5
Martinchester,1.0
Martinezborough,4.0
Martinezbury,10.0
Martinezfort,11.0
Martinezhaven,5.0
Martinezmouth,6.0
Martinezshire,8.5
Martinezton,2.0
Martinezview,9.0
Martinfort,11.0
Martinmouth,3.0
Martinshire,6.0
Martinton,6.0
Martintown,10.0
Martinville,8.0
Maryberg,7.0
Marybury,4.0
Marychester,3.0
Maryport,7.0
Masonfort,9.0
Masseyfort,9.0
Masseystad,6.0
Masseyview,3.0
Mathewsfurt,6.0
Mathewsport,1.0
Matthewbury,10.0
Matthewhaven,9.0
Matthewland,10.0
Matthewmouth,4.666666666666667
Matthewton,3.0
Matthewtown,5.0
Maureenfurt,4.0
Maxwellfurt,11.0
Maxwellview,12.0
Maybury,2.0
Mayerbury,8.0
Maynardbury,2.0
Mccarthytown,4.0
Mcclureborough,3.5
Mcconnellton,3.0
Mccoystad,1.0
Mcdanielmouth,7.0
Mcdonaldborough,8.0
Mcdonaldchester,8.0
Mcdonaldton,5.0
Mcgeechester,6.0
Mckenzieburgh,1.0
Mcmillanview,12.0
Meaganburgh,10.0
Medinabury,2.0
Medinaland,8.0
Meganfort,12.0
Meganshire,5.0
Mejiaborough,1.0
Melanieburgh,5.0
Melanieport,6.0
Melanieside,12.0
Melanieton,1.0
Melanieview,11.0
Melissaberg,11.0
Melissaborough,3.0
Melissabury,6.0
Melissafort,9.0
Melissafurt,6.0
Melissahaven,8.0
Melissaland,2.0
Melissaport,10.0
Melissatown,7.0
Melvinville,8.0
Mendozaborough,3.0
Mendozamouth,1.0
Mendozaport,3.0
Mendozaview,8.0
Meyerberg,9.0
Meyersland,10.0
Meyerville,4.0
Michaelberg,7.0
Michaelburgh,10.0
Michaelbury,9.0
Michaelfort,9.0
Michaelfurt,4.0
Michaelmouth,8.666666666666666
Michaelport,5.75
Michaelshire,1.0
Michaelside,4.8
Michaelstad,10.5
Michaeltown,8.0
Michaelview,7.0
Michaelville,7.0
Michealville,11.0
Micheletown,6.0
Micheleville,7.0
Michelleborough,5.0
Michellechester,4.0
Michellefurt,8.0
Michellehaven,4.0
Michellemouth,1.0
Michelleport,6.0
Michelleton,3.0
Middletonchester,5.0
Middletonstad,3.0
Milesburgh,11.0
Milesbury,5.0
Milestown,3.0
Millerborough,4.0
Millerburgh,10.0
Millerbury,8.5
Millerchester,7.5
Millerfort,1.0
Millerfurt,5.0
Millerhaven,10.0
Millermouth,7.5
Millershire,6.0
Millerville,3.0
Millsborough,9.0
Millsmouth,2.0
Mirandafurt,1.0
Mistyburgh,12.0
Mistyfort,2.0
Mistymouth,3.0
Mistytown,8.0
Mitchellland,7.0
Mitchellside,6.5
Mitchelltown,1.0
Molinabury,10.0
Mollybury,1.0
Monicaburgh,8.0
Monicachester,3.0
Monicamouth,5.0
Monicatown,8.0
Moniquefurt,5.0
Monteschester,4.0
Mooreberg,6.5
Mooreborough,5.666666666666667
Mooreburgh,2.0
Moorefort,4.0
Moorefurt,8.0
Mooreland,10.0
Mooremouth,4.0
Mooreview,9.0
Moraborough,5.0
Moralesberg,1.0
Moralesfurt,1.0
Moralesview,12.0
Morenoberg,2.0
Morganberg,7.0
Morganburgh,9.0
Morganbury,1.0
Morganfort,7.0
Morganfurt,5.0
Morganport,7.0
Morrisland,7.0
Morrismouth,2.0
Morrisonmouth,7.0
Morrisshire,5.0
Morrisstad,4.0
Morriston,8.666666666666666
Mosesberg,12.0
Mosleyfurt,1.0
Mosleymouth,8.0
Mullenfurt,8.0
Mullinsland,9.0
Munozville,11.0
Murphyport,5.5
Murphyshire,8.0
Murrayhaven,4.0
Myersberg,3.0
Nancyhaven,1.0
Nancyside,4.0
Nataliebury,11.0
Nataliefurt,10.0
Nataliemouth,2.0
Natalieside,4.0
Natalieview,1.0
Natashaview,7.0
Nathanchester,4.0
Nathanielside,1.0
Nathanieltown,4.0
Nathantown,11.0
Nealchester,9.0
Nealfort,7.0
Nealfurt,11.0
Nealland,12.0
Nelsonborough,3.0
Nelsonbury,4.0
Nelsonfort,3.5
Nelsonfurt,5.0
Nelsonmouth,4.0
New Aaron,11.0
New Aaronbury,10.0
New Abigailchester,10.0
New Adam,3.0
New Alanview,3.0
New Alberttown,3.0
New Alex,2.0
New Alicia,10.0
New Allison,10.0
New Alyssa,8.5
New Alyssaborough,7.0
New Alyssabury,2.0
New Amanda,7.333333333333333
New Amandafort,9.0
New Amandamouth,4.0
New Amy,6.5
New Amymouth,1.0
New Amyside,10.0
New Andrea,6.0
New Andreamouth,5.0
New Andrew,7.0
New Angela,1.0
New Annfurt,4.0
New Annland,2.0
New Anthony,3.0
New Anthonymouth,9.0
New Ashley,4.5
New Ashleymouth,11.0
New Ashleyshire,6.0
New Ashleyside,6.0
New Autumn,1.0
New Barbara,6.0
New Barryton,9.0
New Benjamin,10.0
New Blakeview,8.0
New Bobby,8.0
New Brandon,7.0
New Brandonberg,3.0
New Brendastad,11.0
New Bretttown,2.0
New Brian,12.0
New Brianachester,5.0
New Brianmouth,3.0
New Briannaville,5.0
New Brianshire,9.0
New Bridget,4.0
New Brooke,7.0
New Bryan,4.0
New Bryanburgh,3.0
New Carlchester,3.0
New Carol,1.0
New Carolyn,11.0
New Carriefort,1.0
New Cassandrahaven,3.0
New Chad,8.0
New Charles,9.0
New Cheryl,3.0
New Christina,9.0
New Christopher,11.0
New Christopherburgh,7.0
New Christopherstad,10.0
New Christy,3.0
New Cindychester,1.0
New Cindyton,7.0
New Codyton,9.0
New Colinborough,5.0
New Coreymouth,1.0
New Courtney,3.0
New Crystalshire,1.0
New Danielle,1.0
New David,6.5
New Davidfort,9.0
New Davidshire,10.0
New Davidview,12.0
New Dawntown,9.0
New Denise,4.0
New Denisehaven,2.0
New Dennis,3.0
New Derekmouth,10.0
New Desireeton,12.0
New Dianeville,1.0
New Dominicborough,7.0
New Donaldburgh,5.0
New Donaldbury,6.0
New Donaldside,7.0
New Donnaland,3.0
New Doris,4.0
New Douglaschester,10.0
New Dwayne,4.0
New Edward,6.0
New Elizabeth,12.0
New Ellenshire,1.0
New Emilyhaven,2.0
New Emilystad,11.0
New Erica,9.0
New Ericburgh,1.0
New Ericbury,1.0
New Erictown,7.0
New Erin,6.5
New Ernest,11.0
New Feliciashire,7.0
New Fernando,7.5
New Frankside,9.0
New Frankview,12.0
New Glennchester,10.0
New Gregg,11.0
New Gregorymouth,5.0
New Gregorytown,9.0
New Hannah,9.0
New Hannahville,6.0
New Heather,1.0
New Herbertshire,1.0
New Hollymouth,10.0
New Jacqueline,8.0
New James,8.0
New Jamesberg,9.0
New Jamesbury,11.0
New Jameschester,1.0
New Jamesport,9.0
New Jamie,10.0
New Jamiebury,3.0
New Jamiemouth,6.0
New Janice,4.0
New Jasmine,6.0
New Jason,5.333333333333333
New Jasonchester,6.0
New Jasonville,9.0
New Jeffery,2.0
New Jeffrey,5.0
New Jeffreyburgh,7.0
New Jenna,4.0
New Jennaview,12.0
New Jennifer,10.0
New Jenniferberg,9.0
New Jenniferchester,6.0
New Jenniferside,6.0
New Jennifertown,8.0
New Jenniferview,5.0
New Jenniferville,12.0
New Jeremy,11.0
New Jerry,5.0
New Jesse,10.0
New Jessica,10.0
New Jessicachester,6.0
New Jimmy,6.0
New John,5.0
New Johnberg,4.0
New Johnmouth,2.0
New Johnshire,11.0
New Johnton,7.0
New Johnville,6.0
New Jonathan,5.0
New Jonathanmouth,11.0
New Jose,9.0
New Joseport,7.0
New Joshua,4.25
New Joymouth,9.0
New Julia,6.0
New Julie,10.0
New Juliehaven,3.0
New Julieport,2.0
New Justin,1.0
New Kaitlinborough,12.0
New Karenton,1.0
New Kathleen,11.0
New Katieberg,10.0
New Kayla,3.0
New Kaylafort,5.0
New Kaylee,7.0
New Keith,9.0
New Kelly,10.0
New Kevin,8.75
New Kimberly,8.0
New Kimberlyfort,1.0
New Kimberlytown,9.0
New Kimhaven,2.0
New Kristen,7.0
New Kristenland,5.0
New Kristin,1.0
New Kristine,12.0
New Kyle,8.5
New Latoya,11.0
New Lauraport,2.0
New Lauren,4.0
New Laurenmouth,4.0
New Laurenstad,11.0
New Lawrence,12.0
New Lisa,4.333333333333333
New Logan,9.0
New Loganbury,7.0
New Lonnieburgh,12.0
New Margaret,3.0
New Maria,5.5
New Mary,7.6
New Marychester,7.0
New Matthew,9.0
New Matthewmouth,2.0
New Matthewtown,4.0
New Melissa,6.666666666666667
New Melissafort,6.0
New Michael,5.714285714285714
New Michaelborough,6.0
New Michaelburgh,9.0
New Michaelport,2.0
New Michaelside,3.0
New Michaelton,4.0
New Miguel,3.0
New Mitchell,3.0
New Molly,12.0
New Nancy,3.0
New Nathaniel,9.0
New Neil,7.0
New Nicholas,3.0
New Nichole,12.0
New Nicole,3.0
New Oliviaberg,2.0
New Patriciaville,8.0
New Paul,4.0
New Paulland,6.0
New Rachelfort,2.0
New Rachelhaven,3.0
New Randallbury,1.0
New Randymouth,4.0
New Rebecca,4.0
New Rebeccaberg,7.0
New Rebeccashire,6.0
New Regina,2.0
New Rhonda,7.5
New Richard,6.0
New Richardburgh,4.0
New Richardbury,11.0
New Rickymouth,7.5
New Robert,7.714285714285714
New Robertamouth,7.0
New Robertland,7.0
New Robertton,4.0
New Robertville,6.0
New Roger,6.0
New Ronald,7.0
New Russell,4.0
New Ryan,7.5
New Samantha,5.0
New Samuelshire,9.0
New Sara,10.0
New Sarah,4.5
New Scott,9.0
New Sean,11.0
New Shannon,9.0
New Sharon,12.0
New Shawn,8.5
New Shelby,6.0
New Shelleybury,1.0
New Sherryside,10.0
New Sheryl,6.0
New Staceybury,2.0
New Stacy,4.0
New Stacytown,4.0
New Steven,7.5
New Stevenstad,4.0
New Stuart,1.0
New Sueburgh,3.0
New Susanton,4.0
New Susanview,3.0
New Suzanne,2.0
New Sydney,4.0
New Tammy,5.0
New Tanya,6.0
New Tarachester,8.0
New Teresa,10.0
New Teresamouth,5.0
New Theresaville,9.0
New Thomas,10.0
New Thomasville,9.0
New Tiffany,4.0
New Timothy,2.0
New Tony,3.0
New Tonyaburgh,2.0
New Travis,5.0
New Travisborough,7.0
New Troy,11.0
New Tyler,8.0
New Veronica,5.5
New Victor,8.0
New Victoria,1.0
New Walter,1.0
New Wendyton,11.0
New William,7.0
New Williamstad,2.0
Newtonchester,11.0
Newtonton,5.0
Nguyenburgh,11.0
Nguyenton,10.0
Nguyenview,1.0
Nicholasmouth,9.0
Nicholasport,2.5
Nicholasstad,3.0
Nicholastown,6.5
Nicholasville,11.0
Nicholsport,8.0
Nicoleberg,4.0
Nicolefurt,9.0
Nicoleshire,7.0
Nicoleville,7.0
Nixonmouth,10.0
Nobletown,4.0
Nolantown,6.0
Normantown,1.0
North Aaron,4.0
North Abigailview,11.0
North Aimeeland,9.0
North Alexa,6.0
North Alexandratown,8.0
North Alexisside,8.0
North Alicia,5.5
North Allison,12.0
North Alyssaburgh,6.0
North Amanda,7.0
North Amandamouth,11.0
North Amandaside,8.0
North Amber,4.5
North Amberhaven,5.0
North Amy,6.5
North Amychester,11.0
North Andreamouth,10.0
North Andrew,2.0
North Andrewfort,3.0
North Angel,12.0
North Angela,8.0
North Angelastad,11.0
North Ann,3.0
North Anna,10.0
North Annbury,6.0
North Annette,4.0
North Annetteside,12.0
North Annside,8.0
North Anthonyborough,4.0
North Anthonybury,9.0
North Antonioton,1.0
North Aprilshire,1.0
North Ashley,5.333333333333333
North Ashleymouth,6.0
North Austinton,2.0
North Barbara,1.0
North Barry,1.0
North Benjamin,10.0
North Bradley,8.0
North Bradleychester,4.0
North Brandon,10.0
North Brandonfort,11.0
North Brandonstad,10.0
North Brian,10.0
North Brianahaven,10.0
North Brianview,5.0
North Brittany,12.0
North Brittanyfurt,1.0
North Calvin,7.0
North Cameron,7.5
North Carlos,9.0
North Carlosview,7.0
North Carmenchester,7.0
North Carrieshire,8.0
North Catherinemouth,5.0
North Chad,12.0
North Chadland,1.0
North Charlesfurt,7.0
North Charlesland,3.0
North Christina,5.0
North Christopher,6.666666666666667
North Christopherburgh,1.0
North Christophershire,3.0
North Christopherstad,9.0
North Cindy,6.0
North Colleen,5.0
North Corytown,4.0
North Courtney,4.0
North Craigmouth,5.0
North Crystal,12.0
North Daniel,7.0
North Danielhaven,5.0
North Danielle,7.75
North Danielmouth,9.0
North Danielside,4.0
North Darlenebury,5.0
North Darryl,1.0
North David,7.0
North Davidberg,1.0
North Davidchester,10.0
North Davidfurt,7.0
North Davidland,10.0
North Davidmouth,6.0
North Davidport,5.0
North Dawn,6.0
North Debrafort,6.0
North Dennis,10.0
North Derrickview,10.0
North Destiny,3.0
North Destinystad,7.0
North Donnaborough,8.0
North Donnaton,6.0
North Douglasmouth,1.0
North Edwardburgh,2.0
North Emilybury,8.0
North Emilyview,12.0
North Eric,7.0
North Ericaton,4.0
North Erika,2.0
North Ernest,10.0
North Felicia,7.0
North Frederickfurt,1.0
North Garrettfort,11.0
North Gary,7.0
North Georgefort,5.0
North Gina,2.0
North Glenfort,10.0
North Grant,12.0
North Gregorybury,4.0
North Gregoryland,6.0
North Hannahville,2.0
North Holly,10.0
North Jacob,4.0
North Jacobchester,7.0
North Jacqueline,5.0
North Jadebury,4.0
North Jaimestad,7.0
North Jaimetown,2.0
North James,4.0
North Jamesshire,1.0
North Jamieside,2.0
North Janetland,5.0
North Janiceton,12.0
North Jason,2.0
North Jasontown,6.0
North Jean,9.0
North Jennifer,8.0
North Jenniferbury,3.0
North Jenniferfurt,2.0
North Jennifermouth,10.0
North Jenniferport,1.0
North Jeremyborough,10.0
North Jeremyshire,12.0
North Jermaine,1.0
North Jeromeville,3.0
North Jerry,2.0
North Jesse,11.0
North Jesseton,6.0
North Jessica,12.0
North Jesusberg,4.0
North Jesusside,12.0
North Jillview,9.0
North Jimmyton,5.0
North Joeland,11.0
North John,7.0
North Johnberg,11.0
North Johnfort,12.0
North Jonathan,9.0
North Jonathanburgh,5.0
North Jonathanside,7.0
North Joseph,12.0
North Josephbury,6.0
North Josephfort,9.0
North Joshua,8.0
North Joshuaberg,8.0
North Julie,4.0
North Julieville,11.0
North Justinport,3.0
North Karenside,9.0
North Katherineland,12.0
North Kathleen,7.0
North Kathryn,2.0
North Kayla,9.0
North Kaylaside,9.0
North Keithfort,5.0
North Kelly,11.0
North Kelsey,10.0
North Kelseyshire,4.0
North Kenneth,7.5
North Kennethtown,2.0
North Kennethville,6.0
North Kevin,7.666666666666667
North Kevinport,11.0
North Kevinside,5.0
North Kevinton,10.0
North Kimberly,8.0
North Krista,5.0
North Kristamouth,5.0
North Kristen,7.0
North Kristinland,4.0
North Laura,6.0
North Lauraton,7.0
North Lauren,5.0
North Laurieland,11.0
North Lawrence,4.0
North Lesliemouth,10.0
North Lisa,5.5
North Lisabury,8.0
North Lisashire,4.0
North Logan,1.0
North Luis,9.0
North Lydia,11.0
North Madison,11.0
North Maria,3.0
North Mariachester,10.0
North Marisaside,4.0
North Mark,6.0
North Markport,9.0
North Mary,8.4
North Mathewhaven,8.0
North Matthew,10.0
North Matthewtown,12.0
North Melissa,11.0
North Melissaborough,7.0
North Melvin,7.0
North Michelle,10.5
North Monicachester,2.0
North Moniqueburgh,1.0
North Morgan,3.0
North Nancyberg,2.0
North Nathan,1.0
North Nathanbury,10.0
North Nathanchester,6.0
North Nicholas,12.0
North Pam,12.0
North Pamela,9.0
North Patriciafurt,8.0
North Pattychester,7.0
North Paul,11.0
North Paulamouth,5.0
North Paulborough,10.0
North Paulburgh,2.0
North Petertown,3.0
North Phillip,4.0
North Philliptown,6.0
North Phyllis,1.0
North Phyllisville,3.0
North Rachel,10.0
North Rachelstad,7.0
North Raymondberg,1.0
North Rebeccaton,10.0
North Regina,4.0
North Rhonda,12.0
North Rhondaborough,10.0
North Ricardobury,4.0
North Richard,1.0
North Richardborough,10.0
North Richardchester,4.0
North Robert,2.0
North Robertchester,1.0
North Robertstad,2.0
North Samantha,6.5
North Samuel,8.0
North Samuelmouth,8.0
North Sandrachester,7.0
North Sandramouth,9.0
North Sarah,6.0
North Scott,11.0
North Scottland,11.0
North Scottview,3.0
North Seanborough,6.0
North Seanfurt,4.0
North Seth,11.0
North Shane,10.0
North Shanemouth,1.0
North Sharonburgh,8.0
North Shawnhaven,6.0
North Sierramouth,12.0
North Spencer,9.0
North Stacey,8.0
North Stephanie,7.333333333333333
North Stephen,3.0
North Stephenshire,10.0
North Summermouth,9.0
North Susanfurt,2.0
North Tammyburgh,5.0
North Tanyastad,5.0
North Taylor,11.0
North Teresashire,3.0
North Thomas,6.333333333333333
North Thomasshire,3.5
North Timothyhaven,6.0
North Timothyside,6.5
North Tina,7.0
North Toddchester,4.0
North Toddtown,3.0
North Toddville,9.0
North Tony,5.0
North Tonya,6.333333333333333
North Tonyatown,12.0
North Troy,2.0
North Valerie,5.0
North Vanessa,10.0
North Veronica,7.5
North Vickie,4.0
North Vickieside,2.0
North Vickietown,9.0
North Wendy,1.0
North Wendyborough,11.0
North Wendybury,11.0
North Whitneyberg,3.0
North Whitneyshire,8.0
North Whitneyview,4.0
North William,9.0
North Williamfort,11.0
North Yolanda,4.0
North Yolandaville,7.0
North Zachary,4.0
Nortonstad,12.0
Nunezburgh,12.0
Oconnorbury,12.0
Odomshire,7.0
Oliviaside,1.0
Olsenmouth,11.0
Olsenstad,10.0
Olsonhaven,12.0
Olsonmouth,11.0
Orrborough,9.0
Ortizberg,10.0
Ortizborough,8.0
Ortizfurt,8.0
Osbornburgh,2.0
Owensfort,8.0
Pagebury,8.0
Palmerfort,5.0
Pamelachester,6.0
Pamelafort,5.0
Pamelaport,5.0
Pamelaside,8.0
Pamelastad,10.0
Parkerbury,2.0
Parkerland,4.0
Parkerview,2.0
Parksmouth,12.0
Parkstad,4.0
Parrishborough,6.0
Parrishstad,4.0
Patelbury,12.0
Patriciashire,10.0
Patriciaton,10.0
Patriciaville,7.0
Patrickburgh,7.0
Patrickchester,5.0
Patrickland,12.0
Patrickmouth,3.0
Patrickport,4.0
Patrickstad,7.0
Patrickton,6.0
Pattersonfort,3.0
Pattersonside,5.0
Paulborough,7.0
Paultown,12.0
Paulville,11.0
Paynefort,6.0
Pearsonborough,12.0
Pearsonmouth,1.0
Pearsontown,9.0
Peckmouth,2.0
Peggyfort,11.0
Penastad,2.0
Penningtonhaven,6.0
Perezhaven,8.0
Perezport,12.0
Perezshire,1.0
Perkinsburgh,1.0
Perrybury,11.0
Perrymouth,6.0
Peterbury,7.0
Petermouth,10.0
Petersenfort,5.0
Petersonbury,3.0
Petersonport,12.0
Petersonshire,11.0
Petersonstad,1.0
Petersontown,4.0
Petersonview,7.0
Peterstad,8.0
Petertown,4.0
Philipborough,10.0
Philipchester,5.0
Philipport,7.0
Phillipbury,9.0
Phillipsmouth,2.0
Phillipsville,5.0
Phillipview,9.0
Piercestad,5.0
Pittsland,12.0
Pollardview,4.0
Ponceland,12.0
Ponceview,12.0
Poolefurt,11.0
Popefort,10.0
Port Aaron,10.0
Port Adam,6.0
Port Adamborough,3.0
Port Adrianmouth,12.0
Port Alberttown,12.0
Port Alexis,7.0
Port Aliciaview,12.0
Port Allenside,7.0
Port Allisonshire,10.0
Port Amber,10.0
Port Amyfurt,1.0
Port Amyville,3.0
Port Anaton,2.0
Port Anaville,9.0
Port Andre,1.0
Port Andrea,10.0
Port Andrew,6.0
Port Andrewberg,3.0
Port Angela,4.0
Port Angelaberg,2.0
Port Ann,3.0
Port Anna,6.0
Port Anthony,2.0
Port Anthonyfort,2.0
Port Anthonyton,4.0
Port Aprilville,7.0
Port Ashley,11.0
Port Ashleyberg,8.0
Port Austin,10.0
Port Barbarabury,2.0
Port Benjaminmouth,8.0
Port Bettyton,9.0
Port Billyport,8.0
Port Bradley,10.0
Port Brandi,11.0
Port Brandonchester,3.0
Port Brandy,12.0
Port Brenda,3.0
Port Brian,3.0
Port Brianberg,8.0
Port Brianport,4.0
Port Brittany,7.0
Port Brittanymouth,5.0
Port Brittanytown,7.0
Port Brittney,12.0
Port Brittneyland,4.0
Port Brookeside,11.0
Port Bryan,5.0
Port Caleb,1.0
Port Chadberg,1.0
Port Charlene,8.0
Port Chaseberg,8.0
Port Chelsea,3.0
Port Cheyenne,9.0
Port Christian,9.0
Port Christianburgh,12.0
Port Christinafurt,3.0
Port Christinaland,9.0
Port Christopher,6.0
Port Christopherborough,9.0
Port Collin,9.0
Port Coreyborough,4.0
Port Courtneyfurt,3.0
Port Crystal,10.0
Port Crystalbury,5.0
Port Crystalfurt,3.0
Port Dakotashire,7.0
Port Daniel,4.333333333333333
Port Danielleburgh,11.0
Port Danielport,10.0
Port Danielville,12.0
Port Darren,8.0
Port David,6.8
Port Davidmouth,1.0
Port Davidside,10.0
Port Davidview,4.0
Port Dawnburgh,8.0
Port Debbiebury,3.0
Port Debra,3.0
Port Debraberg,3.0
Port Debraborough,1.0
Port Denise,6.0
Port Derek,6.5
Port Dianashire,6.0
Port Dominique,7.0
Port Donnaview,1.0
Port Douglas,10.0
Port Dustin,2.0
Port Dylan,8.0
Port Dylanmouth,4.0
Port Eddieton,2.0
Port Eduardoberg,9.0
Port Edward,8.5
Port Edwardchester,8.0
Port Edwardhaven,2.0
Port Elizabeth,12.0
Port Elizabethborough,2.0
Port Emily,10.0
Port Eric,4.75
Port Erica,4.5
Port Ericafurt,5.0
Port Erichaven,2.0
Port Erin,12.0
Port Erinfurt,3.0
Port Felicia,4.0
Port Fernandochester,3.0
Port Frankberg,8.0
Port Gabriela,7.0
Port Gabriella,12.0
Port George,8.0
Port Geraldport,4.0
Port Gregory,4.5
Port Gregorybury,2.0
Port Gregoryton,10.0
Port Gregorytown,3.0
Port Henry,6.0
Port Isaac,4.0
Port Isaacview,3.0
Port Jackfort,3.0
Port Jamesburgh,7.0
Port Jameschester,6.0
Port Jameston,8.0
Port Jamesview,12.0
Port Jamie,12.0
Port Jamiechester,8.0
Port Jamieland,2.0
Port Janicechester,10.0
Port Jasmineburgh,9.0
Port Jasminemouth,9.0
Port Jeffery,5.0
Port Jeffreymouth,3.0
Port Jeffstad,4.0
Port Jennifer,3.0
Port Jenniferberg,4.0
Port Jenniferburgh,9.0
Port Jennifermouth,4.0
Port Jennifershire,6.0
Port Jenniferview,11.0
Port Jennyfort,2.0
Port Jeremiahburgh,3.0
Port Jessica,4.333333333333333
Port Jill,3.0
Port Jillian,12.0
Port Jimmyshire,7.0
Port Joan,8.0
Port Joannafurt,6.0
Port Jodi,2.0
Port Joe,11.0
Port Joelside,1.0
Port John,8.5
Port Jon,6.0
Port Jonathanton,3.0
Port Jorge,11.0
Port Joseph,5.5
Port Josephside,6.0
Port Juantown,3.0
Port Judith,11.0
Port Juliebury,5.0
Port Juliefort,1.0
Port Justin,3.0
Port Justinview,9.0
Port Karen,9.0
Port Karenchester,1.0
Port Karlashire,4.0
Port Kathleenville,11.0
Port Kathy,10.0
Port Kelly,11.0
Port Kenneth,12.0
Port Kennethfurt,7.0
Port Kennethland,2.0
Port Kennethtown,5.0
Port Kevin,5.2
Port Kevinmouth,3.0
Port Kimberlybury,7.0
Port Kimberlyland,6.0
Port Kimberlymouth,2.0
Port Kirsten,6.0
Port Kristin,2.0
Port Kristinchester,11.0
Port Kristopherland,10.0
Port Kyle,3.0
Port Leahshire,12.0
Port Leechester,7.0
Port Leroy,7.0
Port Linda,12.0
Port Lindaborough,2.0
Port Lindafurt,12.0
Port Lindsayfort,9.0
Port Lindseychester,3.0
Port Lisa,9.0
Port Lisaburgh,11.0
Port Lisafort,1.0
Port Lonnie,12.0
Port Lori,1.0
Port Lorrainefurt,2.0
Port Louis,7.0
Port Lucas,3.0
Port Lynnview,9.0
Port Madeline,10.0
Port Margaret,12.0
Port Mariamouth,11.0
Port Mark,7.0
Port Markstad,2.0
Port Marthaberg,10.0
Port Mary,6.6
Port Maryborough,3.0
Port Maryburgh,4.0
Port Maryhaven,8.0
Port Matthew,8.0
Port Matthewtown,2.0
Port Meganhaven,12.0
Port Meganland,8.0
Port Meganmouth,12.0
Port Melanieside,4.0
Port Melinda,3.0
Port Melissa,1.0
Port Melissaburgh,1.0
Port Michael,7.0
Port Michaelborough,3.0
Port Michaelshire,10.0
Port Michaelside,11.0
Port Michaelview,9.0
Port Michealfort,8.0
Port Michellemouth,6.0
Port Michelleton,9.0
Port Mikeside,8.0
Port Mollyview,3.0
Port Natasha,5.0
Port Nathan,9.0
Port Nathanbury,7.0
Port Nicholasburgh,1.0
Port Nicholasbury,4.0
Port Nicoleborough,7.0
Port Nicoleville,9.0
Port Pamelaburgh,10.0
Port Patrickside,7.0
Port Pattyville,8.0
Port Paulton,5.0
Port Rachael,5.0
Port Rachelmouth,6.0
Port Randall,10.0
Port Randy,1.0
Port Randyshire,7.0
Port Raven,6.0
Port Raymond,1.0
Port Raymondtown,5.0
Port Rebecca,8.0
Port Reneeborough,9.0
Port Richard,8.0
Port Richardside,5.0
Port Ricky,10.0
Port Robert,5.5
Port Robertburgh,12.0
Port Robertshire,7.0
Port Robinport,11.0
Port Roy,3.0
Port Royview,10.0
Port Ryanburgh,10.0
Port Ryanshire,5.0
Port Sabrina,7.0
Port Sabrinachester,10.0
Port Sabrinahaven,3.0
Port Samantha,12.0
Port Samanthaport,2.0
Port Samuelfurt,2.0
Port Sandra,10.0
Port Sandrabury,10.0
Port Sandrashire,2.0
Port Sara,5.5
Port Sarah,4.333333333333333
Port Sarahberg,3.0
Port Sarahmouth,3.0
Port Saramouth,1.0
Port Savannahton,10.0
Port Scott,11.0
Port Shane,5.0
Port Shaun,6.0
Port Stephanie,1.0
Port Stephanieside,8.0
Port Stephen,3.0
Port Stephenchester,12.0
Port Steven,5.0
Port Stevenbury,2.0
Port Stevenmouth,7.0
Port Suehaven,2.0
Port Susantown,3.0
Port Tammie,1.0
Port Tammy,11.0
Port Tammytown,3.0
Port Thomas,4.0
Port Tiffanyberg,4.0
Port Timothy,5.0
Port Tonya,6.0
Port Travis,3.0
Port Tyroneland,5.0
Port Victoria,12.0
Port Warrenhaven,12.0
Port William,7.333333333333333
Port Williamberg,12.0
Port Yesenia,10.0
Port Zachary,6.5
Port Zacharymouth,5.0
Potterland,4.0
Pottstown,3.0
Powellburgh,5.0
Powellhaven,9.0
Powellside,7.0
Powellton,10.0
Powellview,8.0
Powersbury,8.0
Prestontown,4.0
Pricestad,10.0
Priceview,9.0
Princeview,4.0
Priscillachester,9.0
Pughchester,4.0
Pughhaven,5.0
Quinnhaven,6.0
Rachelborough,8.0
Rachelburgh,4.0
Rachelland,5.333333333333333
Rachelmouth,9.0
Rachelside,9.0
Ralphside,4.0
Ramirezland,8.0
Ramirezmouth,5.0
Ramirezton,9.0
Ramireztown,7.0
Ramosside,3.0
Ramseychester,4.0
Randallhaven,12.0
Randyfurt,9.0
Rasmussenburgh,12.0
Rayberg,8.0
Rayborough,12.0
Rayhaven,6.0
Raymondfurt,11.0
Raymondhaven,7.0
Raymondside,2.0
Raymondview,2.0
Raytown,1.0
Rayview,11.0
Rebeccaburgh,11.0
Rebeccabury,4.0
Rebeccafort,10.0
Rebeccaton,11.0
Reedfurt,3.0
Reedshire,11.0
Reedville,9.0
Reeseland,10.0
Reevesberg,4.0
Reeveston,10.0
Reginaborough,2.0
Reginahaven,4.0
Reginamouth,7.0
Reginaside,8.0
Reginaview,8.0
Reidfort,9.0
Reneechester,4.0
Reneefort,7.0
Reneeland,10.0
Reneeshire,9.0
Reyesstad,2.0
Reynoldsside,4.5
Reynoldsview,2.0
Reynoldsville,8.0
Rhodesport,1.0
Rhodeston,7.0
Rhodesville,2.0
Ricardoton,7.0
Riceton,11.0
Riceville,4.0
Richardburgh,2.0
Richardbury,10.0
Richardhaven,9.0
Richardsberg,10.0
Richardsfurt,6.0
Richardsonborough,8.0
Richardsonbury,5.0
Richardsonton,9.0
Richardsview,6.0
Richardview,6.0
Rickychester,5.0
Rickyville,6.0
Rioschester,1.0
Ritterport,11.0
Riveraborough,4.0
Riverafurt,10.0
Riverahaven,8.0
Riveraport,1.0
Riveraton,4.0
Riveraville,11.0
Robbinsport,7.0
Robbinsstad,7.0
Robbinstown,4.0
Robertberg,12.0
Robertborough,6.0
Robertburgh,12.0
Robertbury,5.0
Robertchester,8.0
Robertfurt,6.0
Roberthaven,9.0
Robertland,3.0
Robertmouth,4.5
Robertoland,4.0
Robertoview,6.0
Robertport,6.5
Robertsfurt,5.0
Robertshire,4.0
Robertside,9.0
Robertsonberg,10.0
Robertsonmouth,3.0
Robertsport,1.0
Robertstown,12.0
Roberttown,7.5
Robertview,4.0
Robinburgh,6.0
Robinland,1.0
Robinmouth,9.0
Robinside,6.0
Robinsonborough,3.0
Robinsonmouth,9.0
Robinsonport,12.0
Robinsonview,11.5
Rodneychester,7.0
Rodriguezchester,11.0
Rodriguezmouth,7.0
Rodriguezside,5.0
Rodrigueztown,10.5
Rodriguezville,4.0
Rogerfurt,6.0
Rogersberg,8.0
Rogersbury,8.0
Rogershaven,9.0
Rogersmouth,8.0
Rojasbury,12.0
Rojasfurt,11.0
Ronaldfurt,5.0
Ronaldhaven,3.5
Ronaldland,6.0
Ronaldtown,4.0
Ronnieport,4.0
Rosaleschester,7.0
Rosemouth,4.0
Rosetown,8.0
Rothfurt,12.0
Royshire,4.0
Rubioside,7.0
Ruizborough,9.0
Ruizbury,3.0
Ruizville,6.0
Russellfort,4.0
Russellfurt,1.0
Russellland,7.0
Russellmouth,4.0
Ryanborough,3.0
Ryanbury,10.0
Ryanchester,4.0
Ryanhaven,10.0
Ryanland,5.0
Sabrinafort,3.0
Salastown,8.0
Salazarhaven,8.0
Salinasport,1.0
Samanthachester,12.0
Samanthamouth,11.0
Samanthastad,12.0
Samanthatown,9.0
Samanthaview,12.0
Sampsonfort,7.0
Samuelberg,5.0
Sanchezville,4.0
Sandershaven,12.0
Sandersview,9.0
Sandovalview,6.0
Sandrachester,8.0
Sandraville,5.0
Santanaberg,2.0
Santiagoberg,8.0
Santosport,10.0
Sarahchester,12.0
Sarahhaven,2.5
Sarahland,7.5
Sarahport,1.0
Sarahside,6.0
Sarahtown,6.0
Sarahview,11.0
Sarahville,7.0
Savannahview,6.0
Sawyerton,2.0
Schmitthaven,7.0
Schneiderburgh,5.0
Schneiderfurt,1.0
Schneiderhaven,7.0
Schroederport,4.0
Schultzfort,3.0
Schultzville,3.0
Scottburgh,3.0
Scottfort,6.0
Scottland,5.5
Scottport,9.0
Scottside,9.0
Scottstad,3.5
Scottview,3.0
Scottville,2.0
Seanbury,1.0
Seanmouth,12.0
Serranoville,2.0
Sethborough,10.0
Sethburgh,6.0
Sethview,2.0
Sextonchester,12.0
Sextonside,1.0
Sextonton,5.0
Shanefurt,1.0
Shannonberg,7.0
Shannonside,12.0
Sharonburgh,9.0
Sharonhaven,10.0
Sharonmouth,6.0
Sharonton,1.0
Sharpville,6.0
Shawnview,8.0
Shawside,8.0
Sheashire,9.0
Sheilaland,6.0
Shelbyshire,8.0
Shellyhaven,6.5
Sheltonburgh,11.0
Shepherdport,9.0
Sheppardview,3.0
Shermanchester,12.0
Sherryfort,7.5
Sherryville,4.0
Shieldshaven,8.0
Shirleymouth,7.0
Shortton,12.0
Silvabury,12.0
Silvahaven,7.0
Silvaland,1.0
Silvaside,7.0
Silvaview,7.0
Simmonsbury,11.0
Simmonsmouth,3.0
Simmonsshire,5.0
Simmonsstad,1.0
Simonland,8.0
Simpsonbury,1.0
Simpsonfort,2.0
Simpsonland,10.0
Simpsonshire,5.0
Simston,4.0
Singletonshire,12.0
Singletonside,4.0
Singletonstad,1.0
Sloanhaven,7.0
Smithberg,5.0
Smithborough,10.0
Smithburgh,8.0
Smithbury,6.0
Smithchester,8.0
Smithfort,12.0
Smithfurt,6.333333333333333
Smithhaven,3.0
Smithland,12.0
Smithmouth,7.333333333333333
Smithport,6.0
Smithshire,10.0
Smithside,5.666666666666667
Smithton,9.0
Smithtown,9.0
Smithview,7.0
Smithville,5.0
Snowview,4.0
Solismouth,4.0
Solomonview,4.0
Sonyamouth,1.0
Sonyaside,1.0
Sophialand,1.0
Sotobury,2.0
Sotoside,4.0
Sotoview,12.0
South Abigail,4.0
South Adamport,11.0
South Alexanderville,3.0
South Alexbury,3.0
South Aliciaborough,12.0
South Alisonhaven,12.0
South Allenhaven,11.0
South Amandaberg,5.0
South Amandaburgh,4.0
South Amandafort,9.0
South Amandashire,2.0
South Amberville,1.0
South Amy,11.0
South Amyhaven,5.0
South Amymouth,2.0
South Andrea,5.666666666666667
South Andrewview,2.0
South Angela,12.0
South Angelicaville,12.0
South Anthony,7.0
South Anthonyberg,9.0
South Anthonyborough,1.0
South Antonioville,5.0
South Arthurbury,2.0
South Ashley,5.0
South Ashleyport,1.0
South Ashleystad,6.0
South Benjamin,7.0
South Benjaminshire,1.0
South Beth,10.0
South Bethtown,6.0
South Bianca,4.0
South Bobby,2.0
South Brandon,9.0
South Brandonmouth,8.0
South Brenda,10.0
South Brian,3.0
South Brianfort,6.0
South Brittanyberg,11.0
South Brookeville,2.0
South Candice,6.0
South Carly,4.0
South Carolport,7.0
South Carolyn,7.0
South Cherylland,6.0
South Cherylview,10.0
South Christina,7.5
South Christine,4.0
South Christopher,10.666666666666666
South Christopherville,10.0
South Cindy,2.0
South Cindyland,5.0
South Cody,4.0
South Codyborough,8.0
South Courtney,6.0
South Craigfurt,10.0
South Crystalstad,1.0
South Curtis,4.0
South Cynthia,11.0
South Danielland,12.0
South Danielle,8.5
South Danielleside,1.0
South Danielport,8.0
South Darrenfort,11.0
South Darrylstad,10.0
South David,7.5
South Davidland,8.0
South Davidshire,7.0
South Davidton,10.0
South Dawnborough,12.0
South Debbie,10.0
South Deniseburgh,6.0
South Derek,3.0
South Diana,3.0
South Dianestad,2.0
South Dianeton,1.0
South Donna,3.0
South Duaneview,7.0
South Dustinbury,5.0
South Dwayne,3.0
South Dylanbury,9.0
South Edward,5.0
South Edwardchester,1.0
South Emily,5.0
South Emilyfurt,9.0
South Emilystad,5.0
South Emma,12.0
South Emmastad,6.0
South Erica,9.0
South Ericaborough,4.0
South Ericashire,12.0
South Erik,10.0
South Evelyn,3.0
South Gabriel,12.0
South Gloria,4.0
South Gregoryville,9.0
South Hannahborough,7.0
South Hannahview,11.0
South Haroldstad,3.0
South Heather,3.0
South Heatherport,4.0
South Heidifort,3.0
South Jackstad,2.0
South Jacob,12.0
South Jacobmouth,12.0
South Jacqueline,3.0
South Jadetown,9.0
South James,5.0
South Jamesview,6.0
South Jamesville,7.0
South Jamiefort,1.0
South Janetbury,2.0
South Jason,7.666666666666667
South Jasonport,8.0
South Jasonton,1.0
South Jeffery,1.0
South Jefferyberg,10.0
South Jeffreyport,3.0
South Jennifer,12.0
South Jeremystad,3.0
South Jessica,3.0
South Joannemouth,12.0
South Joelstad,4.0
South John,10.0
South Johnberg,7.0
South Johnton,12.0
South Jonathan,5.0
South Jonathanville,4.0
South Joseph,5.75
South Josephmouth,12.0
South Joshua,5.0
South Joshuaberg,11.0
South Joshuaborough,5.0
South Julia,5.0
South Julieborough,10.5
South Justin,8.0
South Justinshire,10.0
South Karen,10.0
South Karenland,2.0
South Kariberg,9.0
South Kathy,3.5
South Katie,4.0
South Keith,2.0
South Kelly,11.0
South Kellyhaven,3.0
South Kellyton,9.0
South Kendramouth,9.0
South Kendratown,3.0
South Kevin,3.0
South Kim,7.0
South Kimberly,6.75
South Kristinamouth,1.0
South Kyleland,6.0
South Kylestad,3.0
South Lancebury,6.0
South Laura,8.0
South Lauraside,4.0
South Lauren,2.0
South Laurenberg,8.0
South Leah,6.0
South Lee,3.0
South Leslie,9.0
South Leslieside,9.0
South Levifort,7.0
South Lori,5.5
South Lorihaven,12.0
South Loriland,2.0
South Louis,3.0
South Luischester,1.0
South Madisonmouth,9.0
South Marcus,11.0
South Mariafurt,11.0
South Marie,10.0
South Marieshire,12.0
South Marilynview,4.0
South Mark,9.666666666666666
South Markbury,5.0
South Martin,11.5
South Martinmouth,2.0
South Mary,11.0
South Marybury,2.0
South Maxwellport,9.0
South Meghan,6.0
South Melissa,11.0
South Melissabury,4.0
South Melissaport,7.0
South Melissaside,2.0
South Michael,3.6666666666666665
South Michaelbury,9.0
South Michaelmouth,4.0
South Michaeltown,2.5
South Michellechester,11.0
South Michellestad,3.0
South Nancy,10.0
South Nathan,8.0
South Nicholasport,1.0
South Nicole,6.0
South Nicoleburgh,1.0
South Nicolefort,5.0
South Nicoleville,3.0
South Oscar,11.0
South Pamelafort,11.0
South Pamelahaven,12.0
South Patrickton,6.0
South Paulview,2.0
South Phillipborough,6.0
South Phyllismouth,4.0
South Rachael,10.0
South Rachel,7.5
South Rachelhaven,12.0
South Rachelmouth,7.0
South Rachelville,10.0
South Randall,9.0
South Richard,9.0
South Richardmouth,7.0
South Richardside,1.0
South Rickymouth,4.0
South Robert,10.333333333333334
South Roberthaven,3.0
South Robertostad,9.0
South Robertstad,9.0
South Ronnieton,4.0
South Rosemouth,4.0
South Ryan,7.8
South Ryanfort,10.0
South Ryanfurt,2.0
South Ryanstad,3.0
South Sabrinaville,8.0
South Samantha,9.0
South Sara,3.0
South Saraburgh,6.0
South Sarah,8.0
South Sarahton,7.0
South Sarahtown,8.0
South Scotttown,12.0
South Sean,8.0
South Shanebury,5.0
South Sharon,10.0
South Sharonport,1.0
South Shawnshire,1.0
South Shelby,3.0
South Sherylburgh,6.0
South Staceyberg,4.0
South Stacyburgh,9.0
South Stephanie,8.0
South Stephanieton,8.0
South Stephanietown,11.0
South Stephen,9.0
South Stephenburgh,11.0
South Stephenland,1.0
South Stephentown,1.0
South Stephenville,2.0
South Steven,9.0
South Stevenview,7.0
South Susan,9.5
South Susanbury,9.0
South Susantown,5.0
South Suzanne,6.0
South Tamara,4.0
South Tammyton,7.0
South Taylor,9.0
South Teresahaven,11.0
South Terryborough,12.0
South Thomas,7.666666666666667
South Thomasborough,11.0
South Thomaschester,8.0
South Thomasport,8.0
South Tiffany,9.0
South Timothy,5.0
South Timothyberg,7.0
South Timothystad,3.0
South Tina,4.5
South Tinaburgh,9.0
South Tinaview,12.0
South Todd,4.0
South Tonya,8.0
South Tracy,6.5
South Trevormouth,7.0
South Troyfort,2.0
South Valeriehaven,4.0
South Vanessaside,2.0
South Victor,7.0
South Virginia,8.0
South Virginialand,6.0
South Walter,5.5
South Wayne,9.0
South Wendy,8.0
South William,4.0
South Zachary,5.5
South Zacharyberg,8.0
Spenceborough,2.0
Spencerville,3.0
Staceyfurt,7.0
Staceystad,8.0
Staceyview,2.0
Staciehaven,7.0
Stacyburgh,1.0
Staffordborough,7.0
Stanleyfurt,4.0
Stanleymouth,4.5
Stanleyport,3.0
Stanleyside,5.0
Stanleystad,9.0
Stantonberg,4.0
Stantonmouth,5.0
Steinton,11.0
Stephanieberg,3.0
Stephanieburgh,6.0
Stephaniefort,8.0
Stephaniehaven,1.0
Stephaniemouth,3.0
Stephanieport,10.0
Stephanieshire,3.0
Stephanietown,11.0
Stephenfort,2.0
Stephenport,5.0
Stephensport,1.5
Stephenstown,9.0
Stephensview,1.0
Stephenton,1.0
Stephentown,11.0
Stephenview,7.0
Stevenberg,4.5
Stevenfurt,11.0
Stevenland,2.0
Stevenmouth,5.0
Stevensmouth,6.0
Steventown,4.0
Stevenview,8.0
Stewarthaven,8.0
Stewartland,9.666666666666666
Stewartmouth,10.0
Stewarttown,12.0
Stoutmouth,2.0
Stoutside,10.0
Stricklandchester,3.0
Strongberg,11.0
Strongville,12.0
Suarezchester,3.0
Suarezshire,9.0
Sullivanborough,11.0
Sullivanchester,7.0
Sullivanfort,6.0
Sullivanhaven,11.0
Sullivanland,3.0
Summersfort,7.0
Summersshire,1.0
Susanberg,4.0
Susanport,6.0
Suttonmouth,4.0
Suttonview,12.0
Suzannefurt,5.0
Sweeneyton,3.0
Sylviaborough,10.0
Sylviabury,12.0
Tamaraburgh,2.0
Tammyport,9.0
Tannermouth,9.0
Tannertown,7.0
Tannerville,4.0
Tanyatown,11.0
Tapiafort,4.0
Tapiatown,12.0
Tarabury,4.5
Tateborough,8.0
Taylorbury,2.0
Taylorhaven,7.0
Taylormouth,2.5
Taylorport,2.0
Taylorside,11.0
Taylorstad,10.0
Teresaburgh,6.0
Teresaside,6.0
Teresaview,3.0
Terrellside,4.0
Terrellton,2.0
Terrymouth,3.0
Theresaland,7.0
Theresaside,4.0
Theresastad,9.0
Thomasberg,8.333333333333334
Thomasbury,6.0
Thomaschester,2.0
Thomasfort,7.0
Thomasfurt,9.5
Thomashaven,4.666666666666667
Thomasland,7.5
Thomasmouth,6.75
Thomasport,7.0
Thomasside,4.0
Thomasstad,10.0
Thomasview,11.0
Thomasville,6.0
Thompsonchester,4.0
Thompsonhaven,6.5
Thompsonland,11.0
Thompsonton,5.0
Thompsonville,7.0
Thorntonport,9.0
Tiffanyburgh,4.0
Tiffanyfort,5.0
Timberg,12.0
Timothyborough,11.5
Timothyburgh,5.0
Timothyfort,2.0
Timothyfurt,8.0
Timothymouth,9.0
Timothyshire,6.5
Timothytown,11.0
Timport,3.0
Toddborough,2.0
Toddland,1.0
Toddmouth,8.0
Toddshire,5.0
Toniton,6.0
Toniview,4.0
Tonyborough,12.0
Torreshaven,12.0
Torresmouth,11.0
Tracyfort,8.0
Tracyport,2.0
Travisborough,9.0
Travisburgh,1.0
Travischester,2.0
Travisstad,11.0
Travisview,12.0
Trevinobury,3.0
Trevinotown,11.0
Trevorchester,7.0
Troyburgh,6.0
Troychester,3.0
Troyton,6.0
Troyville,2.0
Turnerberg,7.0
Turnerborough,6.5
Turnerchester,1.0
Turnermouth,10.0
Turnerside,2.0
Tylermouth,8.0
Tylerport,10.0
Tylerville,9.5
Tyronefort,5.0
Valenciamouth,7.0
Valerieborough,9.0
Vanessaborough,1.0
Vanessatown,1.0
Vasquezborough,11.0
Vasquezmouth,6.0
Vasquezport,9.0
Vaughanshire,2.0
Vegabury,7.0
Vegaside,7.0
Velezchester,12.0
Veronicabury,12.0
Veronicahaven,12.0
Vickiebury,3.0
Victoriabury,7.5
Victoriafort,10.0
Victoriashire,4.0
Villarrealborough,3.0
Villarrealburgh,10.0
Vincentfurt,9.0
Vincenthaven,6.0
Vincentland,9.0
Vincentmouth,7.0
Vincentside,8.0
Virginiafort,12.0
Wallacebury,12.0
Wallaceside,10.0
Wallaceview,9.0
Wallsville,6.5
Walshport,12.0
Walterton,12.0
Waltonborough,7.0
Wardborough,10.0
Wardchester,7.0
Wardside,10.5
Wardstad,12.0
Warnerside,7.0
Warrenshire,8.0
Washingtonberg,3.0
Washingtonborough,2.0
Washingtonfurt,12.0
Washingtonmouth,8.0
Washingtonton,11.0
Watsonmouth,8.0
Watsonton,10.0
Wayneberg,5.0
Waynefurt,4.0
Weaverview,12.0
Webbberg,11.0
Webbhaven,2.0
Weberborough,1.0
Weberview,6.0
Weissstad,2.0
Wellsborough,8.0
Wellsfort,5.333333333333333
Wellsfurt,12.0
Wellsside,2.0
Wendyberg,3.0
Wendyfort,9.0
Wendyshire,5.0
Wesleyburgh,3.0
West Aaron,7.0
West Aaronberg,3.0
West Aaronfort,12.0
West Adam,7.5
West Alecfurt,1.0
West Alecport,9.0
West Alex,9.0
West Alexander,6.0
West Alexandertown,6.0
West Alexandra,5.0
West Alexismouth,10.0
West Allenstad,1.0
West Alyssa,6.0
West Amandaberg,9.0
West Amandahaven,5.0
West Amandaside,3.0
West Amy,3.3333333333333335
West Amyberg,5.0
West Amymouth,2.0
West Andrea,8.666666666666666
West Andreashire,9.0
West Andreastad,11.0
West Andrewbury,1.0
West Annhaven,2.0
West Annstad,5.0
West Anthony,5.0
West Anthonybury,3.0
West April,12.0
West Aprilville,2.0
West Barbaramouth,7.0
West Beth,6.0
West Beverly,6.0
West Bonnieside,3.0
West Bradleyhaven,5.0
West Brendanberg,3.0
West Brendatown,6.0
West Brent,8.0
West Bretthaven,3.0
West Brian,5.0
West Brianaville,1.0
West Brianhaven,2.0
West Briannashire,4.0
West Bryanshire,3.0
West Carlos,9.0
West Carol,4.0
West Carolfort,7.0
West Carolyn,11.0
West Catherine,12.0
West Catherineview,6.0
West Charles,9.0
West Charlesmouth,8.0
West Charlotteberg,10.0
West Chelseashire,10.0
West Christian,11.0
West Christiantown,8.0
West Christina,5.666666666666667
West Christopher,9.0
West Christopherchester,9.5
West Christopherport,1.0
West Christy,10.0
West Cindybury,6.0
West Cindytown,4.0
West Cody,6.0
West Connor,9.0
West Coreystad,2.0
West Craigfurt,6.0
West Crystal,12.0
West Cynthia,5.0
West Daltonchester,12.0
West Danaport,11.0
West Daniel,10.0
West Danielburgh,10.0
West Danieltown,6.0
West Darrenfurt,5.0
West David,9.0
West Davidchester,4.0
West Davidside,2.0
West Davidview,3.5
West Dennis,4.0
West Dennisview,3.0
West Dianamouth,12.0
West Dominic,5.0
West Donald,5.0
West Duane,4.0
West Eddieberg,10.0
West Edgarburgh,7.0
West Edward,2.0
West Elizabethhaven,4.0
West Emily,6.0
West Eric,1.0
West Erica,12.0
West Erin,11.0
West Ethanhaven,5.0
West Ethanstad,9.0
West Fernandoberg,10.0
West Franklinbury,11.0
West Fred,7.0
West Gavinchester,10.0
West George,3.0
West Gina,10.0
West Glennberg,7.0
West Glennmouth,5.0
West Gregoryfurt,11.0
West Gregoryshire,11.0
West Hannahfurt,9.0
West Heather,9.0
West Heatherfurt,3.0
West Henryfurt,2.0
West Holly,5.0
West Ian,4.0
West Ianstad,11.0
West Jacob,4.0
West Jacobberg,1.0
West James,7.5
West Jamieburgh,5.0
West Jasminemouth,10.0
West Jason,11.0
West Jasonburgh,12.0
West Jasonstad,7.0
West Jeff,6.0
West Jeffery,7.0
West Jeffreyberg,3.0
West Jennifer,8.0
West Jenniferborough,4.0
West Jennifermouth,6.0
West Jeremiahfurt,2.0
West Jeremy,6.0
West Jeremyborough,12.0
West Jerry,1.0
West Jessica,6.0
West Jessicaborough,8.0
West Jessicaland,6.0
West Jessicaport,1.0
West Jimmy,7.0
West Joditown,6.0
West Johnfort,11.0
West Johnny,4.0
West Johntown,4.0
West Jose,10.0
West Joseph,12.0
West Josephport,9.0
West Joshua,7.6
West Joshuaside,3.0
West Julie,5.0
West Juliefort,1.0
West Julieview,5.0
West Julieville,12.0
West Karen,8.0
West Karenmouth,2.0
West Katherineborough,12.0
West Kathleen,9.0
West Kathrynfurt,10.0
West Kathyfort,4.0
West Kayla,7.0
West Kaylafurt,10.0
West Keith,2.0
West Keithberg,8.0
West Kelseyberg,5.0
West Kenneth,3.0
West Kennethtown,5.0
West Kennethview,2.0
West Kerry,12.0
West Kevin,6.0
West Kimberlymouth,7.5
West Kurt,1.0
West Kyle,5.0
West Lance,2.0
West Lancebury,5.0
West Larry,2.0
West Latasha,3.0
West Laura,2.0
West Lauraburgh,4.0
West Lauren,8.0
West Lee,1.0
West Linda,4.0
West Lindamouth,9.5
West Lisa,7.25
West Logan,9.0
West Loganmouth,8.0
West Lorimouth,6.0
West Loriview,8.0
West Madeline,4.0
West Madisonstad,7.0
West Manuelside,11.0
West Marcus,5.0
West Margaretville,5.0
West Marieport,12.0
West Mark,7.0
West Markchester,1.0
West Markhaven,3.0
West Markshire,11.0
West Martha,5.0
West Mary,10.5
West Marychester,2.0
West Maryport,3.0
West Maryshire,1.0
West Marystad,2.0
West Matthew,8.0
West Matthewburgh,3.0
West Matthewmouth,8.0
West Maureen,6.0
West Meghan,2.0
West Melinda,8.0
West Melindabury,10.0
West Melissaborough,2.0
West Melissahaven,3.0
West Melissashire,7.0
West Melissatown,3.0
West Melodyberg,1.0
West Michael,6.857142857142857
West Michaelport,3.0
West Michelle,6.833333333333333
West Michelleburgh,5.0
West Monique,4.0
West Morgan,4.0
West Nancy,5.0
West Nataliemouth,7.0
West Nathan,9.0
West Nicholas,9.0
West Nicholastown,8.0
West Nicole,6.0
West Nicolemouth,2.0
West Noahchester,10.0
West Paige,10.0
West Parkerhaven,10.0
West Patricia,9.0
West Patrick,5.0
West Paul,6.5
West Paulahaven,11.0
West Paulport,6.0
West Pedro,5.0
West Rachel,6.0
West Rachelville,6.0
West Randall,8.0
West Rebeccamouth,3.0
West Rebeccaport,1.0
West Rebekah,5.0
West Regina,10.0
West Reneeberg,2.0
West Richard,6.0
West Robert,11.0
West Robin,12.0
West Robinhaven,4.0
West Ronaldtown,7.0
West Rose,9.0
West Ruben,11.0
West Russell,2.0
West Russellstad,6.0
West Ryanfort,2.0
West Samanthatown,10.0
West Samuel,12.0
West Sandyberg,10.0
West Sara,7.0
West Sarah,3.0
West Savannahburgh,1.0
West Scotttown,9.0
West Scottville,6.0
West Seanborough,3.0
West Seanmouth,1.0
West Shawnport,7.0
West Sheila,4.0
West Sheilaburgh,10.0
West Shelley,11.0
West Sonya,8.0
West Stephanie,12.0
West Stephanieberg,4.0
West Stephaniemouth,6.0
West Stephen,10.0
West Stevenberg,1.0
West Stevenstad,5.0
West Susanborough,3.0
West Tammy,3.0
West Tanya,12.0
West Tara,11.0
West Taramouth,3.0
West Taylorbury,11.0
West Teresa,7.0
West Teresafurt,2.0
West Theresa,10.0
West Thomas,2.0
West Thomasport,12.0
West Thomasside,5.0
West Tiffany,7.0
West Timothy,7.0
West Timothyland,2.0
West Tommy,5.0
West Traci,4.0
West Tracichester,10.0
West Tracy,5.0
West Triciaview,8.0
West Vickie,3.0
West Vickiport,9.0
West Vickiview,5.0
West Victoriaville,3.0
West Whitney,4.0
West William,12.0
West Williamchester,8.0
West Williamfort,5.0
West Williamport,4.0
West Williamstad,6.0
West Willie,2.0
West Yesenia,4.0
West Yvette,4.0
Westmouth,6.0
Whiteborough,9.0
Whitefort,11.0
Whitefurt,2.0
Whitehaven,7.0
Whitemouth,6.0
Whiteton,10.0
Whitetown,6.0
Wileybury,11.0
Wilkinsview,1.0
Williamberg,10.0
Williamburgh,9.0
Williambury,11.0
Williamchester,12.0
Williamfort,1.0
Williamfurt,7.666666666666667
Williamhaven,5.0
Williammouth,9.0
Williamsbury,2.0
Williamschester,6.0
Williamsfort,6.0
Williamsfurt,3.0
Williamshaven,7.0
Williamsland,7.0
Williamsmouth,3.0
Williamsonmouth,7.5
Williamsport,1.0
Williamsside,11.0
Williamstad,10.0
Williamston,12.0
Williamstown,4.0
Williamsville,8.0
Williamtown,1.0
Williamview,3.0
Williamville,8.5
Williemouth,9.0
Willisstad,10.0
Willisville,4.0
Wilsonberg,8.0
Wilsonborough,10.0
Wilsonchester,10.0
Wilsonhaven,4.5
Wilsonmouth,12.0
Wilsonport,10.0
Wilsonside,12.0
Wilsonton,4.0
Wintersberg,7.0
Wisehaven,11.0
Wiseside,2.0
Wolfberg,3.0
Wolfville,6.0
Wongfort,10.0
Woodborough,5.0
Woodbury,10.0
Woodsfort,8.0
Woodsshire,11.0
Woodsside,9.0
Wrightmouth,7.25
Wustad,10.0
Wuview,3.0
Wyattshire,6.0
Yangberg,11.0
Yatesmouth,7.0
Yatesville,6.0
Youngberg,1.0
Youngmouth,11.0
Youngside,2.0
Youngstad,8.0
Yvonneside,12.0
Zacharyshire,9.0
Zacharystad,6.0
Zimmermanhaven,10.0
Zunigaton,6.0
